ActualTemperature,PredictedTemperature,PredictionError
31.77,30.196530632195618,1.5734693678043818
27.54,27.519141378105815,0.020858621894184637
31.37,31.66641356128261,-0.2964135612826091
27.39,28.35037851506908,-0.9603785150690811
31.27,31.074185586333954,0.1958144136660458
27.59,27.170086068253653,0.41991393174634695
29.2,31.112573446512357,-1.9125734465123578
27.61,28.05246924160363,-0.4424692416036322
30.2,29.471646056880246,0.7283539431197532
33.01,30.371760084142636,2.638239915857362
30.95,29.946834029814994,1.0031659701850053
27.68,27.251890131837882,0.4281098681621174
28.58,28.525204426368475,0.0547955736315231
33.14,33.43962629066874,-0.2996262906687406
32.98,31.531572270589407,1.4484277294105894
27.4,27.9083290779746,-0.5083290779746008
29.32,30.70006642994406,-1.3800664299440584
32.92,30.66401360947725,2.25598639052275
29.14,29.853195067778245,-0.7131950677782442
28.41,28.454787016465673,-0.044787016465672735
27.27,28.78118162006868,-1.5111816200686796
31.43,32.50935630792702,-1.0793563079270214
32.47,32.390963549015765,0.0790364509842334
31.45,31.778909791670714,-0.3289097916707142
26.31,25.756217409404627,0.5537825905953717
30.84,31.41089939431339,-0.5708993943133898
32.54,31.70973629831451,0.8302637016854888
31.89,31.138983128990844,0.7510168710091563
29.04,29.399240539640374,-0.35924053964037483
31.0,30.929008823985725,0.07099117601427452
35.07,34.04047971452266,1.0295202854773393
29.02,28.93493080039758,0.08506919960241888
27.2,28.091896548591137,-0.8918965485911379
30.3,29.46239203593791,0.8376079640620908
27.6,28.696556067497426,-1.0965560674974242
31.45,29.209336329499166,2.240663670500833
29.27,28.87215994082871,0.3978400591712905
28.98,28.574074907069786,0.4059250929302145
29.0,29.761009554331082,-0.761009554331082
33.48,33.02664394158717,0.45335605841282955
28.84,30.090646425095855,-1.250646425095855
30.91,31.142801254670303,-0.23280125467030288
30.94,29.720618714666386,1.2193812853336148
30.66,31.58768099249889,-0.9276809924988889
28.4,29.48713720784602,-1.0871372078460197
35.27,33.27606440683431,1.9939355931656948
31.05,31.57153097970894,-0.5215309797089382
29.03,29.5782363193465,-0.5482363193465005
28.45,27.576572228600895,0.8734277713991041
32.29,32.169970257144826,0.12002974285517354
27.05,26.512965011139528,0.5370349888604729
29.06,29.102285578773348,-0.04228557877334893
28.85,29.407979900955695,-0.5579799009556936
31.14,30.40903424630767,0.7309657536923311
29.79,28.59769834181037,1.1923016581896277
34.3,32.77505498910148,1.52494501089852
28.02,29.35304453149851,-1.333044531498512
30.05,30.37635574407591,-0.32635574407590795
28.67,27.614725785501975,1.0552742144980272
28.07,29.33664373721996,-1.2666437372199582
32.16,31.42570978543023,0.7342902145697678
30.78,30.451177919376647,0.32882208062335394
30.6,29.40225916282617,1.197740837173832
30.46,29.896312946817545,0.5636870531824556
26.44,26.949513509618583,-0.5095135096185821
27.51,27.629338457685094,-0.11933845768509244
26.38,28.05605332223385,-1.6760533222338516
31.59,31.58216647820626,0.00783352179373864
27.54,27.665503888967606,-0.12550388896760722
30.59,30.859872685680443,-0.2698726856804434
34.44,33.222666220342546,1.2173337796574515
28.72,29.845656782399203,-1.1256567823992043
28.99,28.937380883920383,0.052619116079615225
29.5,29.78074990618842,-0.28074990618841866
31.84,30.60794603589264,1.2320539641073616
26.56,26.401936275578407,0.15806372442159144
30.23,29.084520547623413,1.1454794523765877
28.24,28.0450127892436,0.19498721075639835
29.59,29.55951461863151,0.030485381368489328
28.62,29.14142179839996,-0.5214217983999596
30.96,30.882180060721225,0.07781993927877551
29.71,29.585329579326782,0.12467042067321898
30.95,31.0440250342497,-0.09402503424970021
29.97,28.545105847175478,1.4248941528245211
27.85,28.694174482508544,-0.8441744825085422
29.8,30.22669375485441,-0.4266937548544085
30.33,30.126506509017872,0.203493490982126
26.82,27.398226008812856,-0.5782260088128552
31.87,32.97834066616039,-1.108340666160391
29.95,31.162028260513296,-1.2120282605132964
30.4,31.748629421663594,-1.3486294216635955
29.57,28.881302681743506,0.6886973182564944
29.04,27.93149033314762,1.1085096668523775
30.38,30.22999115435323,0.15000884564677008
30.92,30.346751724606435,0.573248275393567
32.33,30.258908342571033,2.0710916574289655
30.73,30.976781021536254,-0.24678102153625403
31.48,30.99050770234669,0.48949229765331026
28.93,30.026401989361062,-1.0964019893610626
28.23,29.592272318876326,-1.3622723188763253
30.1,30.77120742517107,-0.6712074251710689
29.98,31.087876525670993,-1.1078765256709922
32.57,31.1504826066367,1.4195173933633
29.81,29.79917493083093,0.010825069169069224
29.89,29.637985007984128,0.25201499201587296
28.41,28.879567338092585,-0.46956733809258466
31.26,30.969199189420465,0.2908008105795368
30.25,28.708129690801513,1.5418703091984867
29.85,28.78431790607442,1.0656820939255809
27.49,27.815171335833014,-0.3251713358330157
29.69,29.99439331989666,-0.30439331989665774
28.6,29.063346423061375,-0.46334642306137397
27.88,28.993739352931044,-1.113739352931045
30.35,29.08291922062395,1.2670807793760517
25.44,26.048075005133512,-0.6080750051335109
28.67,28.329145539580196,0.3408544604198056
28.97,28.57978581761097,0.3902141823890304
30.29,30.24649711275137,0.0435028872486285
31.71,31.402685706629484,0.3073142933705171
26.26,26.544805146504018,-0.28480514650401645
29.86,29.366706685011195,0.49329331498880435
30.47,30.864325100821333,-0.39432510082133376
29.51,29.437673661610404,0.07232633838959757
29.14,30.36563745755302,-1.2256374575530202
32.09,31.927604203058962,0.16239579694104123
28.51,29.246703402924254,-0.7367034029242525
28.56,28.05654530273833,0.5034546972616702
30.69,30.443865881959482,0.2461341180405192
27.69,28.682156506620117,-0.9921565066201161
26.62,27.238781558996692,-0.618781558996691
30.17,29.002912043212177,1.1670879567878245
30.07,30.621949094902988,-0.5519490949029873
31.13,31.140844801149598,-0.010844801149598737
27.48,27.22400731081811,0.2559926891818911
29.42,29.748039960376133,-0.32803996037613103
31.96,30.09303719483171,1.866962805168292
29.2,30.439687850595305,-1.2396878505953062
29.62,29.921725685214767,-0.30172568521476606
30.94,31.421847794331654,-0.48184779433165303
30.97,30.83383110722619,0.13616889277381006
31.32,29.474229942383317,1.845770057616683
29.84,29.767892742265786,0.07210725773421345
28.49,27.46666731327602,1.023332686723979
31.49,31.50972715431473,-0.019727154314733042
27.18,26.688931297894726,0.49106870210527376
28.09,27.295912025366817,0.7940879746331824
27.76,27.97624750802828,-0.2162475080282782
30.87,31.729949966795346,-0.8599499667953445
29.6,30.205840436754528,-0.6058404367545265
28.18,27.751606106175416,0.4283938938245839
31.06,31.05335134222662,0.006648657773379085
30.46,31.30863292037546,-0.8486329203754579
32.06,32.90094453227357,-0.8409445322735678
33.24,31.404711396751054,1.835288603248948
29.8,30.124381303767763,-0.32438130376776186
31.61,31.356941910275737,0.2530580897242629
30.05,30.337863826431374,-0.28786382643137287
27.94,27.574258145681114,0.3657418543188875
29.2,29.742143280973863,-0.542143280973864
28.99,29.11949820117104,-0.12949820117104238
28.78,30.463418791533456,-1.6834187915334553
28.07,27.7908523218004,0.2791476781995996
28.54,27.78642192200371,0.7535780779962877
32.38,31.078440621850433,1.3015593781495696
29.69,29.046512789384366,0.6434872106156355
27.4,28.95050671755766,-1.55050671755766
30.9,30.8616920108081,0.038307989191899594
30.66,29.534475290289578,1.1255247097104224
29.34,30.399020162812633,-1.059020162812633
33.38,32.168158613545046,1.2118413864549566
32.67,33.139518282226646,-0.4695182822266446
26.47,27.405457048876514,-0.9354570488765148
29.36,30.249308628223304,-0.8893086282233043
31.87,29.95931313820796,1.9106868617920405
28.23,28.702981598483944,-0.47298159848394405
31.84,32.02178168819955,-0.18178168819955332
29.79,29.860040473530375,-0.07004047353037635
29.45,28.5279612329187,0.9220387670813004
29.54,30.59532009857051,-1.0553200985705118
30.25,29.172591399696472,1.077408600303528
27.03,26.967352933304483,0.06264706669551856
28.17,27.5271098648565,0.642890135143503
28.51,28.3635701159902,0.14642988400980173
25.07,25.88676685043683,-0.816766850436828
28.84,28.319160943146215,0.5208390568537844
29.02,29.641256080495168,-0.6212560804951686
29.78,31.00670564959711,-1.2267056495971076
28.49,29.084178480762716,-0.594178480762718
28.61,28.961080357424635,-0.3510803574246353
30.17,30.48248047221051,-0.3124804722105097
29.7,27.984243496466206,1.7157565035337932
30.21,29.92327641181805,0.28672358818194965
27.48,28.35957417481154,-0.8795741748115411
28.77,29.56177464915197,-0.7917746491519715
27.98,27.920588327110664,0.05941167288933613
30.23,29.77843050502773,0.45156949497227217
26.74,28.217593062647012,-1.4775930626470135
29.7,29.72162264847762,-0.021622648477620743
28.71,29.830640865388347,-1.1206408653883457
31.95,31.753730344360804,0.1962696556391954
31.9,31.669771969623355,0.23022803037664374
31.37,31.424398871220916,-0.05439887122091491
28.56,28.357035944460137,0.2029640555398622
31.53,31.69043580231252,-0.16043580231252008
30.2,29.917594784362763,0.28240521563723675
26.71,27.800145073976125,-1.0901450739761245
29.23,29.832235908994676,-0.6022359089946754
29.46,31.14251042705419,-1.68251042705419
27.05,27.702741297068883,-0.6527412970688822
29.11,28.563099531758354,0.5469004682416454
29.99,29.116172947527616,0.8738270524723823
30.34,30.077030992330236,0.2629690076697635
29.2,28.253940208591473,0.9460597914085263
28.46,28.977985307028632,-0.5179853070286313
30.09,31.739443651128738,-1.6494436511287383
28.74,30.33522004982248,-1.5952200498224833
31.53,31.294024576794214,0.23597542320578668
28.48,28.897277467331662,-0.4172774673316617
32.78,32.128441943257,0.6515580567429993
28.5,28.159998146185416,0.34000185381458436
28.58,28.98218028245293,-0.4021802824529317
32.1,30.75713635711955,1.3428636428804523
29.26,28.840530385911563,0.4194696140884382
28.11,27.057431883451812,1.052568116548187
30.32,29.24148150707657,1.078518492923429
29.79,30.521624388567147,-0.7316243885671483
30.8,30.092656234462112,0.7073437655378889
30.04,29.25050980493691,0.7894901950630882
30.81,30.97544630950378,-0.16544630950378192
30.37,28.419749559635363,1.9502504403646377
28.63,29.871728133008332,-1.2417281330083334
30.63,30.388857701117075,0.2411422988829237
29.4,30.484143483409127,-1.0841434834091288
30.68,30.625025872241082,0.054974127758917746
28.04,27.929090599187305,0.11090940081269451
30.65,30.775320912354914,-0.1253209123549155
28.07,27.44057713312239,0.6294228668776114
28.9,29.488607727209057,-0.5886077272090589
28.77,29.381920970012317,-0.6119209700123172
29.25,29.09591287509221,0.15408712490778953
30.66,28.793384958625097,1.866615041374903
28.55,29.420998099562865,-0.8709980995628648
31.51,30.360155311447784,1.1498446885522178
30.69,30.6336014499266,0.05639855007339989
29.2,29.94764971953191,-0.7476497195319105
30.76,29.94689809983538,0.8131019001646216
31.06,30.102311483774315,0.9576885162256836
28.3,29.571614413749245,-1.2716144137492442
29.56,30.05142472461324,-0.4914247246132426
28.48,28.691056526947136,-0.21105652694713584
31.01,29.739505578563154,1.2704944214368474
30.84,31.297503914954973,-0.4575039149549731
29.52,28.63517161196907,0.8848283880309289
28.78,29.00625445440616,-0.22625445440615977
28.88,29.123792871411126,-0.24379287141112727
30.82,31.01026404672791,-0.1902640467279113
31.82,31.55483020243247,0.26516979756753045
27.97,28.923347027842198,-0.9533470278421987
29.72,28.51928491677336,1.2007150832266404
31.06,31.11062562694235,-0.0506256269423524
32.7,31.479749596508782,1.220250403491221
28.03,28.968711616434973,-0.938711616434972
31.64,31.01336146142964,0.6266385385703614
29.05,29.23462033203117,-0.18462033203116945
30.23,30.4430084721306,-0.2130084721305998
28.66,29.45896650704259,-0.7989665070425893
31.45,30.463927687502974,0.9860723124970256
29.59,29.140312586282676,0.44968741371732435
27.83,28.788752700273022,-0.9587527002730241
33.66,32.54645589998577,1.1135441000142237
30.43,30.034895437498136,0.39510456250186365
30.06,29.485566865314865,0.5744331346851332
33.6,33.84412123096794,-0.24412123096794147
28.1,28.50609531604468,-0.4060953160446772
28.87,29.09746737575321,-0.22746737575321063
26.07,27.876508761064656,-1.8065087610646557
28.6,28.222137089105928,0.3778629108940734
25.64,27.083755947410538,-1.443755947410537
28.25,29.597841612005823,-1.3478416120058228
31.5,30.982815154380035,0.5171848456199655
28.41,30.030862425019592,-1.6208624250195918
30.0,30.2503853720616,-0.2503853720616007
29.78,28.485586036670043,1.2944139633299585
27.84,27.52797582442531,0.3120241755746882
29.97,30.87526999137944,-0.9052699913794413
31.3,29.597824123702935,1.7021758762970656
30.04,30.3328115335909,-0.29281153359089984
29.27,29.543515937016224,-0.27351593701622434
27.51,27.739294663000322,-0.22929466300032075
26.67,27.241522845936032,-0.5715228459360304
31.07,30.400557561152,0.6694424388480016
28.2,28.38200810384697,-0.18200810384697164
31.9,31.44155794181708,0.45844205818291783
29.48,29.259884211735596,0.2201157882644047
29.26,27.68411006198491,1.5758899380150915
28.19,28.150667114501175,0.03933288549882619
27.93,27.808075760162325,0.12192423983767497
30.53,31.676406054568645,-1.1464060545686436
31.04,30.05944896727354,0.9805510327264599
30.11,30.520037634354537,-0.41003763435453777
29.35,30.420984612514815,-1.0709846125148133
31.12,32.98427412793862,-1.864274127938618
30.16,30.194612034972977,-0.0346120349729766
29.51,30.315201418499527,-0.8052014184995251
32.48,30.709679827004578,1.7703201729954188
29.82,30.469023577922684,-0.6490235779226836
28.97,29.004735004971337,-0.03473500497133841
31.03,30.791457350193923,0.2385426498060781
31.33,30.010418109732285,1.3195818902677132
29.31,30.802204643106535,-1.492204643106536
30.7,30.58315473794832,0.11684526205167955
30.44,31.156716749742884,-0.7167167497428828
27.83,27.37537690338158,0.4546230966184197
32.25,31.743632958918056,0.5063670410819441
27.84,28.356349540770935,-0.5163495407709355
28.77,29.394887070800678,-0.6248870708006784
27.27,27.3386412709078,-0.06864127090780059
25.51,27.049700220046276,-1.5397002200462744
28.71,29.5683039551042,-0.8583039551041978
31.25,30.295284319797872,0.9547156802021277
31.49,31.195452404856468,0.29454759514353057
29.76,30.354359034832555,-0.5943590348325536
30.76,29.689787636366987,1.070212363633015
28.58,29.762871451358137,-1.1828714513581389
29.7,28.750149042454666,0.9498509575453333
23.86,25.63030031469117,-1.7703003146911698
29.48,28.347919302541214,1.132080697458786
30.77,30.08678909410517,0.6832109058948284
29.28,29.506339839757743,-0.22633983975774186
30.27,31.05271024978623,-0.7827102497862306
28.09,27.00880132119579,1.0811986788042098
28.93,29.256231456361604,-0.32623145636160444
30.3,30.703675790183155,-0.40367579018315425
29.63,29.56802126773843,0.06197873226156858
30.58,30.680086189210982,-0.10008618921098389
31.69,31.562944756574296,0.12705524342570484
30.41,30.356389739189098,0.05361026081090259
29.94,29.79517863189946,0.14482136810054058
28.59,28.577417216996423,0.012582783003576736
29.36,28.666971199658718,0.6930288003412812
28.59,28.24526624471403,0.3447337552859686
27.93,27.71056738696842,0.21943261303157868
31.87,30.231654526299366,1.6383454737006353
28.68,28.90370508061264,-0.22370508061263905
27.24,27.607070070897237,-0.3670700708972383
28.22,29.476405633853062,-1.2564056338530634
28.4,28.280065247951995,0.11993475204800319
29.07,29.26195794183178,-0.19195794183178094
29.0,29.961539073319358,-0.9615390733193578
30.11,29.521597738741974,0.5884022612580253
29.19,28.425677464874866,0.7643225351251353
26.27,27.476759326731013,-1.2067593267310137
29.38,30.72525106143459,-1.3452510614345918
29.53,28.30596634641867,1.2240336535813299
30.9,31.14295557966102,-0.24295557966102166
29.59,29.12999007251412,0.4600099274858813
29.92,30.62413317742613,-0.7041331774261295
26.56,27.720879033896864,-1.1608790338968653
29.18,29.983252597370978,-0.8032525973709781
27.57,29.699189029245446,-2.1291890292454454
30.54,30.317836187476075,0.2221638125239238
29.5,29.38892988094443,0.11107011905556874
29.17,29.327679293166653,-0.15767929316665175
31.29,30.06986353198687,1.2201364680131306
29.33,28.570001269013915,0.7599987309860836
28.1,28.748702700078326,-0.6487027000783243
