Date,Temperature,Humidity,Pressure,WindSpeed,Rainfall
2021-01-01,27.94,69.9,1016.3,8.71,10.18
2021-01-02,30.72,61.9,1019.79,8.44,0.0
2021-01-03,29.33,72.71,1007.62,8.25,3.12
2021-01-04,30.4,73.92,1010.87,7.7,0.0
2021-01-05,31.99,56.64,1015.74,6.53,0.0
2021-01-06,29.84,60.6,1012.29,10.83,0.0
2021-01-07,27.83,69.25,1006.41,5.19,0.0
2021-01-08,30.94,66.65,1014.07,7.01,0.0
2021-01-09,32.01,68.52,1014.89,7.03,0.0
2021-01-10,28.51,63.57,1012.44,7.8,0.48
2021-01-11,29.9,74.03,1013.1,6.14,0.0
2021-01-12,29.1,73.49,1010.71,7.63,0.0
2021-01-13,31.77,69.28,1019.39,6.66,0.0
2021-01-14,30.29,75.72,1007.5,3.84,0.0
2021-01-15,29.83,71.83,1009.06,7.02,7.76
2021-01-16,30.56,63.93,1012.05,4.8,0.0
2021-01-17,31.89,71.37,1016.39,3.53,0.0
2021-01-18,28.58,63.47,1004.51,7.27,0.0
2021-01-19,25.46,74.55,1005.45,7.98,10.82
2021-01-20,27.29,69.05,1001.81,8.05,0.0
2021-01-21,30.03,68.3,1012.16,8.13,0.0
2021-01-22,29.83,65.39,1006.41,3.13,2.35
2021-01-23,28.07,76.88,1010.08,4.28,0.0
2021-01-24,28.6,68.68,1015.31,10.95,1.55
2021-01-25,29.06,67.1,1008.79,4.91,1.58
2021-01-26,28.8,67.62,1013.16,8.22,0.0
2021-01-27,29.26,72.99,1010.5,5.63,1.88
2021-01-28,30.31,72.05,1015.36,7.16,0.0
2021-01-29,30.79,72.39,1014.38,5.73,2.22
2021-01-30,27.2,72.56,1008.54,8.12,0.0
2021-01-31,27.05,82.88,1011.16,7.27,0.0
2021-02-01,32.68,67.65,1017.22,6.1,0.0
2021-02-02,30.65,67.08,1013.97,4.9,0.0
2021-02-03,28.34,65.33,1005.02,7.54,0.0
2021-02-04,30.19,73.96,1015.28,4.57,0.0
2021-02-05,27.71,77.1,1006.58,7.85,5.78
2021-02-06,30.73,69.69,1019.06,12.25,0.0
2021-02-07,31.29,65.39,1017.12,9.7,1.86
2021-02-08,29.92,65.54,1013.45,8.44,0.0
2021-02-09,26.64,74.44,1012.79,6.83,16.16
2021-02-10,31.61,75.05,1010.95,3.12,0.0
2021-02-11,31.31,73.9,1015.39,4.36,0.0
2021-02-12,28.25,66.7,1010.15,9.57,0.0
2021-02-13,31.31,72.14,1013.18,5.42,0.0
2021-02-14,29.56,71.5,1016.36,5.6,5.11
2021-02-15,29.76,72.16,1009.19,6.67,3.06
2021-02-16,30.1,76.12,1008.92,4.88,0.0
2021-02-17,27.62,72.28,1006.03,4.55,0.0
2021-02-18,27.78,75.06,1006.68,6.9,4.93
2021-02-19,28.54,71.44,1002.86,5.22,0.0
2021-02-20,32.94,72.81,1015.65,5.52,0.0
2021-02-21,30.44,74.91,1021.04,5.44,0.92
2021-02-22,33.06,62.42,1019.13,8.04,0.0
2021-02-23,27.37,69.29,1003.87,6.54,5.13
2021-02-24,29.09,68.42,1015.62,6.64,1.95
2021-02-25,30.86,67.45,1019.11,8.19,0.0
2021-02-26,28.75,69.67,1009.72,6.72,3.14
2021-02-27,27.41,80.33,1012.51,6.44,0.0
2021-02-28,27.74,66.2,1001.96,7.94,0.0
2021-03-01,29.45,77.24,1013.33,8.34,0.0
2021-03-02,29.63,61.37,1006.68,6.71,0.0
2021-03-03,29.13,69.49,1013.0,7.16,0.0
2021-03-04,27.71,72.51,1004.19,5.44,0.0
2021-03-05,29.9,75.08,1014.71,5.28,0.0
2021-03-06,29.65,75.86,1017.12,8.54,0.0
2021-03-07,28.67,76.39,1008.08,7.89,0.0
2021-03-08,28.01,69.56,1006.32,7.91,2.5
2021-03-09,25.64,68.91,1001.22,7.56,0.0
2021-03-10,27.74,76.86,1010.67,7.09,0.0
2021-03-11,28.51,70.59,1009.09,8.39,0.0
2021-03-12,29.04,64.1,1004.24,8.87,0.0
2021-03-13,31.33,64.98,1014.27,8.82,0.0
2021-03-14,30.61,66.29,1009.75,6.8,6.12
2021-03-15,27.03,74.81,1006.62,9.77,0.0
2021-03-16,29.14,72.7,1009.23,7.46,0.0
2021-03-17,27.98,76.0,1017.36,8.26,1.08
2021-03-18,30.23,69.32,1015.01,7.56,2.24
2021-03-19,27.58,72.85,1011.35,7.49,1.61
2021-03-20,29.79,75.66,1015.1,5.53,0.0
2021-03-21,30.79,70.07,1006.2,8.4,0.0
2021-03-22,27.62,74.68,1012.16,12.69,0.0
2021-03-23,29.06,67.98,1012.74,6.25,1.32
2021-03-24,29.32,69.78,1009.65,7.14,0.0
2021-03-25,29.69,69.68,1014.18,6.11,0.0
2021-03-26,28.52,64.8,1008.1,6.02,0.0
2021-03-27,30.6,74.91,1014.55,10.09,0.5
2021-03-28,31.38,69.17,1014.76,5.65,2.11
2021-03-29,26.59,72.07,997.41,6.05,0.0
2021-03-30,30.66,74.88,1017.95,3.83,0.0
2021-03-31,25.09,74.68,996.76,5.48,5.46
2021-04-01,30.54,75.99,1008.92,3.58,0.0
2021-04-02,30.03,71.41,1017.13,8.26,3.23
2021-04-03,23.77,69.46,1010.41,12.6,7.37
2021-04-04,30.27,71.52,1004.67,6.27,0.0
2021-04-05,30.33,61.87,1006.53,3.67,0.0
2021-04-06,31.21,63.3,1017.13,8.8,0.0
2021-04-07,29.53,64.04,1002.39,5.55,0.0
2021-04-08,30.9,65.99,1017.64,9.6,0.0
2021-04-09,29.68,74.36,1011.72,6.44,0.83
2021-04-10,28.48,66.52,1006.04,5.74,0.0
2021-04-11,27.71,69.68,1009.08,6.64,0.0
2021-04-12,27.01,79.73,1006.91,8.52,0.0
2021-04-13,31.98,69.78,1016.33,6.55,0.0
2021-04-14,29.12,76.33,1015.66,6.01,0.0
2021-04-15,27.25,66.29,1003.4,6.6,1.25
2021-04-16,30.81,70.64,1009.98,4.46,0.38
2021-04-17,28.27,66.16,1007.68,7.79,0.0
2021-04-18,31.48,69.8,1018.47,3.43,0.0
2021-04-19,26.66,76.86,1005.25,6.11,3.47
2021-04-20,31.59,61.43,1020.02,8.52,1.52
2021-04-21,27.13,74.38,1011.83,7.61,0.0
2021-04-22,26.82,73.18,1006.19,8.18,0.93
2021-04-23,28.55,68.16,1008.61,6.87,6.36
2021-04-24,28.96,63.02,1007.99,9.34,0.0
2021-04-25,28.43,72.11,1005.63,8.85,0.0
2021-04-26,31.32,68.47,1012.47,7.89,0.0
2021-04-27,28.72,73.01,1005.86,8.86,0.0
2021-04-28,27.33,71.72,1001.1,8.5,0.0
2021-04-29,27.78,81.17,1010.1,6.12,0.0
2021-04-30,27.58,70.09,1002.99,4.31,0.0
2021-05-01,28.95,65.35,1008.24,7.84,0.0
2021-05-02,28.42,72.53,1007.45,8.09,0.0
2021-05-03,28.36,72.74,1007.64,9.18,0.0
2021-05-04,31.64,79.54,1022.0,5.13,0.0
2021-05-05,28.99,76.36,1012.28,5.19,1.36
2021-05-06,29.83,73.45,1013.23,7.92,0.0
2021-05-07,27.58,80.05,1003.12,6.86,0.0
2021-05-08,31.37,64.1,1008.73,3.23,0.0
2021-05-09,29.75,67.35,1013.08,7.75,0.0
2021-05-10,29.05,65.59,1006.88,3.3,0.0
2021-05-11,30.26,68.76,1016.54,5.11,0.0
2021-05-12,27.54,62.8,1005.99,9.7,0.0
2021-05-13,27.78,74.83,1010.57,10.65,0.0
2021-05-14,30.04,69.64,1009.07,4.57,0.0
2021-05-15,29.34,62.1,1012.82,6.34,0.0
2021-05-16,28.41,64.78,1008.8,7.09,4.21
2021-05-17,27.02,72.71,1010.65,10.56,10.45
2021-05-18,27.86,75.81,1010.82,6.01,0.0
2021-05-19,27.81,82.71,1008.33,6.05,0.0
2021-05-20,26.62,88.16,1014.43,10.1,0.0
2021-05-21,28.43,73.11,1013.19,6.25,3.89
2021-05-22,29.63,64.64,1011.56,8.44,0.0
2021-05-23,31.66,57.73,1009.85,4.05,0.0
2021-05-24,29.31,72.07,1015.98,6.66,0.0
2021-05-25,29.44,65.53,1010.82,3.68,9.68
2021-05-26,30.42,67.86,1010.47,4.89,0.0
2021-05-27,28.29,66.63,1012.52,8.68,4.38
2021-05-28,29.75,69.4,1020.48,6.9,0.0
2021-05-29,25.31,76.58,1005.3,6.36,5.13
2021-05-30,29.82,71.07,1015.85,5.5,3.38
2021-05-31,25.34,69.12,1002.53,6.56,9.31
2021-06-01,29.91,63.8,1013.09,7.6,0.0
2021-06-02,33.5,59.9,1019.88,8.97,0.0
2021-06-03,30.43,66.97,1014.44,1.75,0.0
2021-06-04,29.87,69.51,1012.85,5.34,0.0
2021-06-05,29.62,80.38,1009.2,7.32,0.0
2021-06-06,29.88,70.49,1012.16,6.8,0.0
2021-06-07,27.9,75.54,1010.74,7.81,0.0
2021-06-08,28.68,66.59,1008.07,7.54,0.0
2021-06-09,30.63,62.41,1010.55,6.39,0.0
2021-06-10,32.41,63.66,1012.99,5.95,0.0
2021-06-11,28.8,65.04,1008.16,6.51,0.0
2021-06-12,25.07,82.1,1007.97,9.3,6.26
2021-06-13,27.66,64.33,1005.2,5.54,0.0
2021-06-14,29.32,74.23,1013.95,6.87,1.85
2021-06-15,29.19,63.71,1014.73,7.37,1.0
2021-06-16,27.8,74.65,1013.16,10.12,0.0
2021-06-17,29.6,71.31,1016.83,6.4,0.0
2021-06-18,30.32,67.99,1012.44,8.92,0.0
2021-06-19,28.78,68.62,1013.96,9.46,0.63
2021-06-20,30.82,64.87,1013.52,6.87,0.0
2021-06-21,27.68,71.4,1011.54,6.58,0.0
2021-06-22,29.66,65.93,1009.35,6.34,0.0
2021-06-23,31.87,61.24,1023.07,6.49,0.0
2021-06-24,29.14,60.86,1009.74,8.71,0.0
2021-06-25,30.85,69.49,1008.67,7.46,0.0
2021-06-26,29.77,77.86,1014.17,7.47,0.0
2021-06-27,30.31,69.28,1013.26,4.75,0.0
2021-06-28,31.93,67.54,1004.98,5.07,0.0
2021-06-29,28.57,69.9,1017.61,11.29,0.0
2021-06-30,29.89,75.95,1011.53,6.64,0.0
2021-07-01,27.2,69.36,1006.45,5.45,0.0
2021-07-02,30.02,65.51,1017.94,9.86,2.25
2021-07-03,27.69,74.54,1015.13,7.56,3.9
2021-07-04,27.93,70.41,1005.68,8.16,0.0
2021-07-05,30.69,76.98,1020.89,6.72,0.0
2021-07-06,30.18,68.8,1015.29,6.36,0.0
2021-07-07,31.78,60.28,1011.95,6.66,0.0
2021-07-08,32.67,59.35,1019.95,4.23,0.0
2021-07-09,29.1,77.4,1012.8,6.82,0.0
2021-07-10,29.13,77.77,1011.86,7.59,0.0
2021-07-11,26.64,66.28,1008.7,10.7,0.0
2021-07-12,29.88,64.99,1014.91,7.17,0.0
2021-07-13,30.61,75.99,1014.38,2.33,0.0
2021-07-14,31.28,60.51,1012.07,6.81,0.0
2021-07-15,29.45,61.72,1008.05,12.48,0.0
2021-07-16,28.78,70.88,1012.65,8.73,0.0
2021-07-17,30.15,64.59,1011.65,5.38,0.0
2021-07-18,26.87,66.86,1005.33,8.18,2.74
2021-07-19,29.07,65.84,1004.64,5.52,0.0
2021-07-20,30.67,68.78,1014.83,4.29,0.0
2021-07-21,25.52,75.14,998.99,6.3,3.59
2021-07-22,29.86,67.17,1013.03,7.18,0.0
2021-07-23,30.46,70.43,1009.61,3.26,0.0
2021-07-24,32.86,54.2,1018.54,4.7,0.0
2021-07-25,28.58,66.14,1009.53,7.02,0.0
2021-07-26,31.87,61.31,1015.3,6.18,0.0
2021-07-27,26.31,59.0,1010.02,7.79,7.68
2021-07-28,30.72,60.98,1012.57,4.57,0.0
2021-07-29,29.4,64.18,1015.68,8.43,0.0
2021-07-30,30.6,71.62,1009.69,4.63,0.0
2021-07-31,30.6,58.11,1016.98,10.29,0.0
2021-08-01,29.2,66.19,1007.03,3.57,0.0
2021-08-02,31.14,63.04,1013.47,4.81,0.22
2021-08-03,30.36,63.92,1016.61,7.83,0.0
2021-08-04,28.16,71.84,1015.3,10.33,4.5
2021-08-05,31.59,69.0,1021.58,7.63,0.0
2021-08-06,27.23,73.74,1008.18,8.13,1.82
2021-08-07,28.12,64.73,1005.1,7.04,0.0
2021-08-08,28.94,61.43,1007.03,4.95,0.0
2021-08-09,29.98,64.2,1015.3,6.02,0.0
2021-08-10,31.09,66.95,1014.49,4.58,0.0
2021-08-11,31.0,66.5,1012.51,4.44,0.0
2021-08-12,27.89,58.88,1006.39,7.8,0.0
2021-08-13,32.17,65.88,1015.83,4.75,0.0
2021-08-14,29.0,66.65,1005.88,7.64,0.77
2021-08-15,31.18,80.34,1017.79,4.4,0.0
2021-08-16,31.94,76.45,1026.29,7.59,0.0
2021-08-17,31.95,60.02,1013.83,6.02,0.0
2021-08-18,32.2,63.36,1014.92,9.81,0.78
2021-08-19,30.06,56.26,1009.54,7.65,0.0
2021-08-20,26.74,61.45,1002.95,9.47,0.0
2021-08-21,28.04,66.85,1008.99,5.49,0.0
2021-08-22,29.7,72.14,1006.54,7.11,0.0
2021-08-23,31.31,60.49,1004.76,5.04,0.0
2021-08-24,31.73,60.9,1020.61,6.17,0.0
2021-08-25,31.33,51.9,1013.36,6.48,0.0
2021-08-26,30.59,63.76,1013.9,5.55,0.99
2021-08-27,32.22,58.33,1010.45,4.57,1.89
2021-08-28,29.78,61.49,1011.14,4.17,0.0
2021-08-29,31.12,59.36,1016.82,2.32,0.0
2021-08-30,32.88,64.02,1011.84,4.89,0.0
2021-08-31,31.67,54.01,1014.65,8.25,2.35
2021-09-01,32.29,55.72,1011.02,3.8,0.0
2021-09-02,28.68,77.26,1010.29,4.26,0.76
2021-09-03,28.95,56.73,1004.97,10.58,0.0
2021-09-04,27.57,57.84,1002.11,5.73,0.0
2021-09-05,27.48,75.41,1010.69,7.64,0.0
2021-09-06,27.83,81.79,1012.28,8.28,0.0
2021-09-07,26.91,57.3,1005.57,8.33,0.0
2021-09-08,30.9,62.1,1011.83,3.96,0.0
2021-09-09,29.42,66.33,1012.27,6.54,2.82
2021-09-10,27.12,74.63,1001.22,3.76,0.0
2021-09-11,27.91,58.31,1007.42,11.89,0.0
2021-09-12,30.66,62.74,1014.04,3.81,0.0
2021-09-13,28.77,68.85,1013.94,4.9,0.0
2021-09-14,29.29,66.78,1006.23,4.92,0.0
2021-09-15,31.13,61.89,1012.79,4.01,0.0
2021-09-16,28.84,63.33,1017.11,9.71,3.96
2021-09-17,30.7,55.87,1015.89,11.84,0.0
2021-09-18,30.19,62.67,1011.52,6.05,0.0
2021-09-19,30.11,62.49,1009.66,4.36,0.0
2021-09-20,28.18,65.46,1008.85,2.53,2.06
2021-09-21,31.85,60.73,1014.34,6.51,0.41
2021-09-22,28.78,66.88,1012.98,6.37,1.95
2021-09-23,30.55,70.11,1015.15,5.7,0.0
2021-09-24,29.26,64.96,1012.66,7.44,0.0
2021-09-25,30.08,66.13,1016.09,7.79,1.14
2021-09-26,31.2,64.33,1012.47,7.65,0.0
2021-09-27,31.73,64.01,1015.92,6.37,0.0
2021-09-28,33.38,59.68,1016.35,4.8,0.0
2021-09-29,28.59,65.9,1007.98,8.33,4.11
2021-09-30,28.63,63.42,1002.96,7.03,0.0
2021-10-01,28.07,76.56,1019.72,8.78,0.0
2021-10-02,28.55,73.44,1013.28,8.58,0.0
2021-10-03,28.48,66.32,1003.43,4.16,0.92
2021-10-04,31.95,59.43,1008.43,4.13,0.0
2021-10-05,31.07,57.34,1015.86,5.49,6.52
2021-10-06,29.85,71.16,1010.6,4.89,0.0
2021-10-07,28.92,65.6,1009.44,8.51,2.89
2021-10-08,32.31,66.91,1019.0,7.7,0.0
2021-10-09,29.51,53.57,1006.76,9.2,0.0
2021-10-10,29.21,69.61,1008.01,7.79,0.0
2021-10-11,28.24,66.79,1013.06,7.42,0.0
2021-10-12,29.02,57.41,1013.95,9.4,0.74
2021-10-13,28.49,61.26,1014.48,7.94,0.0
2021-10-14,31.47,65.68,1016.56,7.14,2.35
2021-10-15,30.17,64.43,1012.99,9.96,0.0
2021-10-16,31.72,62.38,1014.45,7.23,0.0
2021-10-17,28.77,63.53,1010.7,6.39,6.51
2021-10-18,30.3,62.66,1012.31,5.32,0.0
2021-10-19,29.15,65.11,1012.54,8.41,4.82
2021-10-20,29.29,73.04,1013.08,9.47,7.74
2021-10-21,34.55,48.84,1015.86,6.9,0.0
2021-10-22,30.97,62.84,1014.78,9.62,0.0
2021-10-23,31.48,65.34,1012.22,3.06,0.0
2021-10-24,30.39,66.09,1007.95,6.89,0.0
2021-10-25,30.23,62.11,1012.34,6.92,0.0
2021-10-26,31.37,53.83,1011.86,5.55,0.0
2021-10-27,28.35,66.36,1012.97,11.77,2.79
2021-10-28,30.35,74.79,1023.03,6.87,0.0
2021-10-29,30.41,55.25,1009.38,6.18,2.76
2021-10-30,28.81,69.67,1014.11,7.05,0.0
2021-10-31,33.66,62.55,1017.34,2.99,0.0
2021-11-01,31.21,64.19,1012.49,5.48,0.0
2021-11-02,34.3,58.28,1023.69,8.97,0.0
2021-11-03,28.63,62.62,1010.11,5.74,0.0
2021-11-04,31.87,72.47,1013.62,5.34,0.0
2021-11-05,26.47,68.2,1008.01,9.62,0.0
2021-11-06,26.43,75.14,1010.24,9.68,0.55
2021-11-07,28.58,71.85,1013.24,8.03,0.0
2021-11-08,32.06,67.46,1016.23,6.09,1.8
2021-11-09,29.51,75.33,1013.6,6.52,0.0
2021-11-10,31.33,67.55,1018.3,5.39,0.0
2021-11-11,29.11,69.93,1011.53,5.01,0.0
2021-11-12,27.84,63.22,1010.34,4.91,12.61
2021-11-13,34.44,65.45,1025.52,5.76,0.0
2021-11-14,32.34,60.91,1013.97,4.93,0.0
2021-11-15,30.75,71.08,1008.4,3.87,0.0
2021-11-16,30.32,58.12,1008.53,7.44,0.53
2021-11-17,25.64,69.93,1007.29,7.47,0.0
2021-11-18,28.98,64.15,1016.68,10.4,0.0
2021-11-19,29.59,72.37,1010.18,5.66,0.0
2021-11-20,28.73,69.9,1012.64,7.59,3.25
2021-11-21,26.44,76.37,1011.68,7.63,14.34
2021-11-22,29.3,69.88,1015.66,6.49,0.0
2021-11-23,30.7,56.12,1007.77,8.49,0.0
2021-11-24,28.85,65.21,1006.62,8.55,0.0
2021-11-25,31.37,58.63,1013.12,7.65,0.0
2021-11-26,30.5,62.61,1015.0,6.49,0.0
2021-11-27,29.6,74.84,1013.66,6.28,0.0
2021-11-28,28.02,69.66,1007.95,4.26,0.0
2021-11-29,31.37,61.7,1015.39,5.39,1.35
2021-11-30,27.66,59.87,1008.28,5.76,0.0
2021-12-01,27.83,66.21,1009.39,4.75,5.52
2021-12-02,29.18,58.77,1007.28,7.88,0.0
2021-12-03,33.17,62.1,1018.51,9.39,3.49
2021-12-04,29.08,68.06,1015.17,5.18,0.0
2021-12-05,28.32,73.19,1015.02,7.57,0.0
2021-12-06,31.61,69.97,1018.24,4.93,0.0
2021-12-07,36.56,52.63,1026.06,6.39,0.0
2021-12-08,28.36,68.27,1003.45,5.62,0.0
2021-12-09,29.36,66.94,1008.31,8.2,0.0
2021-12-10,28.53,69.05,1008.92,5.64,3.92
2021-12-11,26.67,76.33,1007.75,9.02,0.0
2021-12-12,30.36,54.32,1006.61,6.51,0.0
2021-12-13,29.63,63.22,1010.5,5.7,0.0
2021-12-14,29.38,70.38,1005.92,4.49,1.05
2021-12-15,29.57,57.41,1013.68,7.51,0.0
2021-12-16,28.22,75.82,1012.26,8.79,9.67
2021-12-17,29.51,69.24,1014.41,7.55,4.35
2021-12-18,27.76,72.18,1014.54,11.48,5.08
2021-12-19,28.41,63.74,1015.02,9.86,0.0
2021-12-20,27.97,72.11,1010.13,6.38,0.0
2021-12-21,32.7,73.71,1022.61,6.36,0.0
2021-12-22,29.02,68.76,1013.17,7.94,3.53
2021-12-23,28.28,68.84,1002.69,5.32,0.0
2021-12-24,26.91,69.12,1006.99,9.33,0.0
2021-12-25,28.21,62.39,1003.3,7.72,0.0
2021-12-26,28.33,66.75,1012.09,7.51,0.0
2021-12-27,29.41,66.79,1011.39,8.37,0.0
2021-12-28,27.94,70.08,1009.66,10.45,3.86
2021-12-29,31.42,73.84,1022.05,7.34,0.0
2021-12-30,30.22,61.56,1014.74,6.77,0.0
2021-12-31,29.38,67.23,1015.63,10.02,0.0
2022-01-01,27.18,76.96,1007.34,8.94,3.91
2022-01-02,29.07,63.68,1007.0,6.36,0.0
2022-01-03,30.0,63.27,1012.18,7.01,0.0
2022-01-04,31.46,69.49,1012.87,7.39,0.22
2022-01-05,25.84,73.41,1002.72,7.72,0.0
2022-01-06,31.26,68.48,1011.1,4.29,0.0
2022-01-07,28.39,76.45,1012.07,3.92,0.0
2022-01-08,29.91,73.69,1010.92,5.23,0.0
2022-01-09,29.35,73.67,1007.93,5.07,0.0
2022-01-10,28.46,72.01,1009.3,5.71,0.0
2022-01-11,26.02,82.72,1011.12,8.27,1.29
2022-01-12,27.91,67.59,1012.45,6.66,0.48
2022-01-13,30.96,56.87,1015.02,7.39,0.0
2022-01-14,30.81,78.58,1017.4,4.55,0.0
2022-01-15,28.74,66.27,1010.53,6.08,0.0
2022-01-16,28.41,69.73,1009.72,8.17,3.29
2022-01-17,27.27,77.01,1014.19,8.19,0.0
2022-01-18,31.53,59.61,1015.05,5.55,0.0
2022-01-19,28.71,61.77,1009.83,7.32,0.0
2022-01-20,30.23,59.74,1015.95,11.4,0.0
2022-01-21,30.67,64.65,1016.9,6.96,0.0
2022-01-22,29.8,72.12,1018.46,5.61,0.0
2022-01-23,30.51,72.69,1020.89,6.65,0.0
2022-01-24,27.35,71.26,1007.67,7.18,0.0
2022-01-25,29.28,61.19,1012.07,6.7,0.0
2022-01-26,32.25,55.87,1012.06,6.94,0.0
2022-01-27,29.3,70.12,1011.51,4.11,4.69
2022-01-28,27.42,67.02,1008.75,5.07,0.0
2022-01-29,26.16,72.67,1004.57,6.7,7.83
2022-01-30,29.2,74.19,1012.46,6.67,8.45
2022-01-31,28.05,70.86,1008.16,5.87,0.0
2022-02-01,30.57,74.65,1012.43,6.65,0.0
2022-02-02,27.49,71.53,1008.03,7.12,0.0
2022-02-03,27.83,73.39,1006.5,8.78,0.0
2022-02-04,31.27,66.04,1013.17,6.8,0.0
2022-02-05,29.92,69.24,1012.75,7.8,0.0
2022-02-06,28.82,71.56,1014.9,5.92,0.0
2022-02-07,29.82,75.36,1022.93,8.14,1.14
2022-02-08,30.93,68.12,1013.39,7.75,0.0
2022-02-09,28.15,73.67,1014.43,8.73,0.98
2022-02-10,28.88,69.0,1006.61,8.43,0.73
2022-02-11,27.0,69.94,1005.57,8.18,2.74
2022-02-12,30.7,75.67,1019.91,6.8,0.0
2022-02-13,28.25,58.79,1007.38,7.49,0.0
2022-02-14,27.93,63.02,1006.78,9.13,0.0
2022-02-15,29.85,61.95,1011.8,5.7,0.0
2022-02-16,31.49,56.89,1011.55,5.74,0.0
2022-02-17,27.73,66.87,1007.49,7.36,10.83
2022-02-18,28.68,75.48,1010.48,7.83,0.0
2022-02-19,30.84,69.32,1018.15,5.35,0.0
2022-02-20,27.39,72.26,1007.97,6.85,0.0
2022-02-21,26.56,77.65,1005.03,6.81,6.66
2022-02-22,29.47,79.13,1016.71,2.57,1.21
2022-02-23,31.09,70.79,1014.46,6.56,0.0
2022-02-24,27.49,79.37,1008.9,6.69,1.2
2022-02-25,27.24,71.84,1004.09,6.68,0.0
2022-02-26,28.73,66.3,1008.28,9.83,0.0
2022-02-27,29.7,67.79,1011.73,4.57,5.47
2022-02-28,29.81,62.51,1017.83,5.35,6.18
2022-03-01,29.17,66.1,1006.82,1.78,0.0
2022-03-02,30.76,69.32,1011.58,6.04,0.0
2022-03-03,29.73,76.32,1015.38,6.21,0.0
2022-03-04,23.86,81.86,1000.09,5.98,1.43
2022-03-05,30.88,63.27,1017.17,9.22,2.39
2022-03-06,26.62,73.95,1006.09,8.72,0.0
2022-03-07,29.44,65.38,1013.66,7.16,0.0
2022-03-08,27.72,74.5,1013.23,6.26,5.15
2022-03-09,30.95,70.9,1017.42,9.05,0.0
2022-03-10,29.2,60.72,1014.75,6.96,0.0
2022-03-11,25.57,77.3,1000.11,5.36,0.0
2022-03-12,29.88,68.13,1008.08,3.57,0.0
2022-03-13,31.59,68.58,1012.69,6.12,0.0
2022-03-14,29.41,65.38,1011.03,8.51,4.99
2022-03-15,27.85,67.9,1014.39,11.55,2.46
2022-03-16,31.27,74.41,1015.95,7.12,0.0
2022-03-17,29.1,70.73,1015.04,5.47,0.0
2022-03-18,29.67,73.85,1010.93,4.63,0.0
2022-03-19,27.1,74.07,1002.77,8.1,0.0
2022-03-20,27.79,79.83,1009.72,3.47,0.78
2022-03-21,28.93,69.87,1014.08,8.1,13.7
2022-03-22,27.82,63.08,1006.55,8.64,2.83
2022-03-23,29.53,78.35,1015.16,7.87,0.57
2022-03-24,28.73,69.97,1016.54,6.56,0.0
2022-03-25,28.56,78.66,1012.63,8.13,0.0
2022-03-26,25.05,74.28,996.68,7.34,0.0
2022-03-27,29.48,71.2,1005.61,5.44,0.0
2022-03-28,29.94,74.08,1021.43,10.7,0.0
2022-03-29,28.28,83.7,1009.27,6.3,3.59
2022-03-30,25.6,84.46,1002.08,8.55,0.0
2022-03-31,31.74,72.42,1018.18,2.16,0.0
2022-04-01,29.17,72.96,1012.07,9.55,0.0
2022-04-02,29.61,78.46,1017.52,9.94,0.0
2022-04-03,30.08,66.92,1013.38,7.06,4.86
2022-04-04,26.39,73.99,1014.29,8.12,4.71
2022-04-05,27.62,71.84,1013.82,8.12,7.04
2022-04-06,31.49,73.87,1015.49,5.71,0.0
2022-04-07,30.65,66.98,1023.39,8.09,0.92
2022-04-08,32.35,62.44,1016.86,5.38,4.03
2022-04-09,29.56,59.53,1004.1,5.78,4.48
2022-04-10,29.14,65.25,1014.23,9.25,0.0
2022-04-11,28.25,69.19,1017.71,8.95,0.0
2022-04-12,30.57,70.17,1018.01,5.59,0.0
2022-04-13,29.54,83.54,1009.87,5.53,2.92
2022-04-14,28.71,78.54,1017.82,5.71,4.82
2022-04-15,29.72,66.12,1016.64,8.47,0.0
2022-04-16,31.27,73.96,1024.86,5.0,0.84
2022-04-17,29.12,69.41,1008.25,7.71,5.81
2022-04-18,28.21,70.13,1009.46,8.49,0.0
2022-04-19,28.07,72.93,1010.47,6.82,1.09
2022-04-20,28.48,75.51,1009.55,9.02,6.11
2022-04-21,29.24,69.74,1007.55,6.39,0.0
2022-04-22,24.63,78.13,998.19,6.57,0.0
2022-04-23,28.47,64.87,1009.83,5.05,4.32
2022-04-24,30.23,71.74,1013.85,9.03,0.0
2022-04-25,27.27,87.26,1009.53,5.47,0.0
2022-04-26,29.27,72.98,1021.68,7.7,1.91
2022-04-27,26.07,80.22,1012.07,6.86,4.17
2022-04-28,30.08,72.13,1018.46,4.89,0.0
2022-04-29,28.22,75.04,1013.31,5.78,0.0
2022-04-30,27.39,71.18,1016.13,9.77,0.0
2022-05-01,28.48,70.47,1013.4,7.4,0.0
2022-05-02,30.87,66.78,1018.84,4.98,1.04
2022-05-03,28.39,74.0,1012.28,7.61,0.0
2022-05-04,32.21,66.27,1014.48,6.71,0.0
2022-05-05,26.83,75.34,1013.83,13.91,1.71
2022-05-06,27.86,77.82,1010.56,7.57,0.0
2022-05-07,29.72,73.47,1014.02,6.24,4.76
2022-05-08,30.92,69.51,1023.17,9.84,0.0
2022-05-09,30.1,73.91,1010.65,3.32,0.0
2022-05-10,30.21,69.29,1014.1,7.19,0.0
2022-05-11,29.02,76.72,1018.29,10.99,0.0
2022-05-12,34.72,60.07,1017.7,6.77,0.0
2022-05-13,31.25,69.0,1012.06,3.53,2.09
2022-05-14,27.28,59.02,1000.08,6.21,0.0
2022-05-15,30.53,61.95,1014.58,9.91,0.0
2022-05-16,24.81,79.06,1000.9,7.75,0.97
2022-05-17,31.23,76.2,1019.35,5.32,0.0
2022-05-18,29.06,66.46,1012.85,5.63,0.0
2022-05-19,30.74,61.71,1017.0,5.88,0.0
2022-05-20,30.64,52.89,1007.49,7.72,0.0
2022-05-21,28.3,67.36,1004.24,9.68,0.0
2022-05-22,27.68,85.1,1013.3,9.1,1.49
2022-05-23,29.38,73.13,1011.83,7.91,2.43
2022-05-24,30.37,67.11,1009.54,4.34,0.0
2022-05-25,29.58,73.2,1012.42,4.34,4.88
2022-05-26,32.49,60.99,1025.84,8.07,2.72
2022-05-27,32.1,68.52,1016.17,4.31,0.0
2022-05-28,31.64,70.84,1017.25,6.55,0.0
2022-05-29,30.17,69.67,1016.22,7.61,0.0
2022-05-30,30.95,74.87,1019.4,4.72,0.54
2022-05-31,31.14,72.14,1011.05,4.95,0.0
2022-06-01,26.55,74.02,1001.73,6.81,1.75
2022-06-02,29.46,65.82,1011.06,8.01,0.63
2022-06-03,29.59,75.28,1016.06,9.12,0.0
2022-06-04,26.63,79.6,1007.15,8.21,1.57
2022-06-05,29.11,63.95,1011.12,7.15,0.0
2022-06-06,30.15,64.38,1008.54,5.51,0.0
2022-06-07,30.73,77.66,1019.51,4.86,0.0
2022-06-08,32.42,68.43,1015.75,5.98,1.64
2022-06-09,29.53,77.94,1015.26,7.82,2.32
2022-06-10,29.36,66.8,1015.11,7.67,3.61
2022-06-11,30.33,78.12,1011.81,2.8,0.0
2022-06-12,28.98,70.11,1012.99,5.43,14.15
2022-06-13,27.68,70.81,1006.07,9.41,9.92
2022-06-14,25.44,78.58,1001.07,7.16,0.0
2022-06-15,30.69,66.96,1012.75,4.17,2.66
2022-06-16,28.25,63.42,1013.62,11.71,9.15
2022-06-17,31.01,66.3,1018.05,6.94,2.83
2022-06-18,29.87,71.64,1019.86,7.77,0.0
2022-06-19,32.78,59.47,1019.85,7.8,0.0
2022-06-20,28.65,72.62,1007.01,6.26,0.0
2022-06-21,31.29,65.49,1010.24,5.54,0.0
2022-06-22,28.1,75.55,1014.4,11.24,0.0
2022-06-23,33.14,54.23,1024.66,9.01,0.0
2022-06-24,32.14,63.8,1019.4,8.64,0.0
2022-06-25,30.95,58.34,1017.6,8.15,0.0
2022-06-26,31.45,63.43,1010.06,4.99,0.0
2022-06-27,28.86,69.8,1007.58,9.56,0.0
2022-06-28,32.38,67.17,1015.94,5.31,0.0
2022-06-29,28.85,66.66,1006.5,7.57,0.0
2022-06-30,29.78,67.16,1010.81,3.72,1.71
2022-07-01,30.65,69.26,1011.43,2.92,0.0
2022-07-02,32.18,61.92,1019.96,7.64,1.82
2022-07-03,27.84,72.15,1010.23,5.38,8.48
2022-07-04,28.99,71.81,999.8,3.02,0.0
2022-07-05,30.26,70.08,1014.52,8.08,0.0
2022-07-06,26.47,71.04,1008.5,11.24,0.0
2022-07-07,30.66,69.41,1012.21,9.78,0.0
2022-07-08,28.41,79.77,1011.57,6.49,0.0
2022-07-09,28.4,66.97,1010.63,7.02,0.0
2022-07-10,29.51,65.58,1015.95,8.78,0.0
2022-07-11,29.47,62.84,1004.34,9.24,0.0
2022-07-12,31.96,61.1,1009.41,6.31,0.0
2022-07-13,32.41,59.76,1015.42,7.07,0.0
2022-07-14,30.9,61.82,1008.93,7.6,0.0
2022-07-15,28.98,66.66,1003.96,8.11,0.0
2022-07-16,30.92,69.03,1015.34,6.73,0.0
2022-07-17,31.4,67.26,1017.62,6.76,0.0
2022-07-18,30.08,62.29,1011.78,9.76,0.0
2022-07-19,27.07,72.22,1002.2,9.42,0.0
2022-07-20,29.06,71.19,1015.53,7.95,0.0
2022-07-21,27.9,65.73,1003.7,10.44,0.0
2022-07-22,32.33,62.71,1013.54,6.23,0.0
2022-07-23,27.37,69.85,1007.56,10.25,0.0
2022-07-24,27.83,67.63,1006.2,8.09,0.0
2022-07-25,28.44,57.75,1009.79,13.54,6.25
2022-07-26,29.74,65.96,1011.08,4.62,0.0
2022-07-27,28.05,67.88,1008.78,5.62,0.0
2022-07-28,32.1,60.85,1014.94,7.84,0.0
2022-07-29,28.32,67.32,1009.77,7.79,2.77
2022-07-30,30.96,57.4,1016.9,10.9,0.0
2022-07-31,29.02,74.08,1013.41,5.66,0.0
2022-08-01,28.71,73.49,1008.51,8.81,3.14
2022-08-02,29.36,64.43,1007.67,9.32,0.0
2022-08-03,27.22,68.07,1003.76,8.41,0.0
2022-08-04,31.35,51.37,1013.45,5.08,0.0
2022-08-05,28.61,58.83,1010.23,9.82,6.43
2022-08-06,27.34,63.95,1000.14,9.46,0.98
2022-08-07,30.0,59.22,1009.32,8.2,0.0
2022-08-08,27.93,69.89,1007.49,7.41,5.28
2022-08-09,30.35,77.53,1019.88,7.45,0.0
2022-08-10,29.76,58.43,1003.49,6.84,0.0
2022-08-11,27.92,60.42,1004.79,8.28,6.84
2022-08-12,31.48,66.8,1017.55,7.06,0.0
2022-08-13,29.82,75.0,1018.78,5.3,0.0
2022-08-14,33.21,57.95,1008.28,4.9,0.0
2022-08-15,29.27,66.73,1008.84,5.5,0.0
2022-08-16,29.46,76.11,1015.08,7.44,0.0
2022-08-17,29.23,55.23,1000.36,6.95,0.0
2022-08-18,27.84,57.4,1002.69,7.43,5.3
2022-08-19,29.76,62.5,1010.6,8.0,0.0
2022-08-20,32.47,61.87,1019.75,5.75,0.0
2022-08-21,27.25,69.83,1009.82,9.93,0.0
2022-08-22,30.2,66.36,1012.5,6.46,3.8
2022-08-23,31.17,54.21,1017.67,6.13,0.0
2022-08-24,33.14,67.91,1022.53,7.96,3.5
2022-08-25,31.67,61.32,1009.12,3.33,0.0
2022-08-26,30.22,72.39,1011.92,5.42,0.0
2022-08-27,30.25,60.94,1021.11,8.96,0.0
2022-08-28,29.04,60.84,1004.39,3.53,0.0
2022-08-29,31.33,67.87,1017.14,9.24,2.61
2022-08-30,31.72,69.17,1006.91,10.02,0.0
2022-08-31,31.29,67.24,1012.51,6.26,0.0
2022-09-01,31.92,54.41,1010.79,7.58,0.0
2022-09-02,28.56,67.71,1007.21,9.24,0.0
2022-09-03,29.18,58.25,1007.08,6.07,0.0
2022-09-04,29.85,65.83,1013.38,8.74,9.06
2022-09-05,31.51,55.85,1016.98,5.66,0.0
2022-09-06,28.58,67.04,1011.35,6.04,1.32
2022-09-07,29.95,59.49,1012.35,5.4,0.0
2022-09-08,32.24,56.61,1014.86,7.69,2.2
2022-09-09,27.84,68.56,1007.14,9.32,0.0
2022-09-10,30.97,65.71,1015.7,6.63,0.0
2022-09-11,32.17,60.55,1016.1,4.46,0.0
2022-09-12,31.43,72.92,1025.02,4.83,0.0
2022-09-13,29.15,61.55,1010.12,7.79,0.0
2022-09-14,27.96,64.36,1009.71,10.69,0.0
2022-09-15,29.17,65.76,1015.84,7.79,0.0
2022-09-16,31.2,60.41,1016.1,6.23,0.0
2022-09-17,27.71,66.94,1009.32,8.53,0.0
2022-09-18,30.52,60.9,1009.98,6.52,2.78
2022-09-19,31.91,61.61,1014.71,6.24,0.0
2022-09-20,27.5,72.25,1007.86,5.08,0.0
2022-09-21,29.37,57.81,1009.95,9.82,0.0
2022-09-22,35.27,49.57,1012.45,1.92,0.0
2022-09-23,28.66,73.7,1016.98,8.6,0.0
2022-09-24,27.59,79.32,1008.98,6.07,7.56
2022-09-25,28.17,61.59,1002.79,6.18,5.89
2022-09-26,29.59,52.39,1002.42,10.38,0.0
2022-09-27,28.79,62.15,1005.7,5.57,9.06
2022-09-28,28.69,62.29,1005.43,5.64,1.8
2022-09-29,30.27,62.86,1011.23,6.74,0.0
2022-09-30,29.5,57.32,1006.06,7.83,0.0
2022-10-01,29.13,67.48,1008.49,6.12,0.0
2022-10-02,28.49,67.15,1008.13,3.85,0.0
2022-10-03,32.48,55.04,1009.8,5.27,0.0
2022-10-04,31.2,68.2,1018.61,9.56,2.58
2022-10-05,28.32,76.33,1015.31,7.15,0.0
2022-10-06,29.5,65.05,1012.08,7.9,0.0
2022-10-07,29.81,62.0,1009.69,6.48,0.0
2022-10-08,28.99,63.18,1009.83,5.68,0.0
2022-10-09,27.27,67.73,1013.64,10.36,0.0
2022-10-10,31.39,53.66,1014.92,6.62,0.88
2022-10-11,28.93,65.05,1007.46,6.11,0.0
2022-10-12,28.42,61.73,1012.18,9.19,0.0
2022-10-13,27.17,75.17,1001.84,5.56,0.0
2022-10-14,31.01,63.06,1013.06,5.81,9.96
2022-10-15,30.59,74.12,1015.81,7.02,0.25
2022-10-16,30.5,57.51,1010.6,7.0,0.0
2022-10-17,29.73,67.68,1021.08,7.52,0.0
2022-10-18,28.48,66.09,1007.59,11.18,0.0
2022-10-19,30.43,58.98,1013.09,7.67,5.26
2022-10-20,31.72,65.28,1011.82,2.24,0.0
2022-10-21,30.59,71.51,1011.5,7.65,3.13
2022-10-22,29.14,62.32,1011.43,7.08,2.55
2022-10-23,28.56,54.13,1012.54,7.09,0.0
2022-10-24,29.54,64.21,1016.24,7.49,3.34
2022-10-25,32.79,58.92,1018.89,6.94,0.0
2022-10-26,30.25,62.31,1011.99,6.89,1.66
2022-10-27,29.3,63.91,1016.08,8.23,2.08
2022-10-28,29.45,54.19,1008.49,5.92,0.0
2022-10-29,32.29,54.76,1015.83,5.1,0.0
2022-10-30,25.98,67.38,1008.19,13.05,0.0
2022-10-31,32.59,61.39,1017.45,5.57,0.0
2022-11-01,33.6,49.17,1023.05,7.2,3.07
2022-11-02,29.6,69.3,1011.39,4.01,0.0
2022-11-03,26.65,66.26,1001.04,7.23,0.0
2022-11-04,30.78,60.38,1009.26,5.13,0.0
2022-11-05,32.51,56.8,1018.16,6.12,1.63
2022-11-06,29.69,69.76,1014.77,9.09,0.0
2022-11-07,30.0,66.88,1013.24,7.94,0.0
2022-11-08,29.06,79.12,1017.04,8.14,0.0
2022-11-09,30.24,67.39,1014.42,3.46,0.0
2022-11-10,29.35,67.24,1018.09,10.67,0.0
2022-11-11,31.45,63.96,1016.6,4.62,0.0
2022-11-12,32.33,69.9,1019.61,10.06,0.0
2022-11-13,28.06,68.8,1013.79,9.04,0.0
2022-11-14,29.38,72.61,1016.53,8.15,0.0
2022-11-15,30.64,62.01,1010.46,5.29,0.0
2022-11-16,29.1,62.58,1008.99,7.3,1.85
2022-11-17,33.57,62.37,1020.53,6.06,0.0
2022-11-18,29.35,70.04,1013.08,7.06,0.0
2022-11-19,29.71,74.33,1016.02,6.5,0.0
2022-11-20,32.42,62.64,1012.62,2.92,0.0
2022-11-21,30.83,62.9,1009.07,9.24,0.0
2022-11-22,31.02,67.38,1012.05,6.84,2.03
2022-11-23,31.86,64.08,1019.18,6.03,0.0
2022-11-24,30.16,71.32,1014.78,5.88,0.0
2022-11-25,29.54,52.15,1003.44,7.72,0.0
2022-11-26,30.96,60.76,1010.92,5.21,0.0
2022-11-27,32.58,61.08,1020.91,2.49,3.02
2022-11-28,32.08,51.91,1010.93,7.81,0.0
2022-11-29,28.56,60.11,1003.0,8.04,0.0
2022-11-30,32.73,60.46,1021.47,6.6,0.0
2022-12-01,30.19,64.8,1015.41,4.7,0.0
2022-12-02,28.99,72.75,1011.65,7.18,0.58
2022-12-03,28.6,64.66,1010.14,4.07,0.0
2022-12-04,31.82,60.01,1017.41,4.95,0.0
2022-12-05,27.75,65.91,1009.29,5.5,14.42
2022-12-06,30.2,72.61,1017.74,8.69,0.0
2022-12-07,33.26,60.52,1014.71,6.27,0.0
2022-12-08,31.61,60.98,1013.22,6.1,0.0
2022-12-09,29.97,69.86,1012.73,10.91,0.0
2022-12-10,30.27,65.24,1011.13,7.7,0.0
2022-12-11,31.46,70.52,1017.23,7.68,0.0
2022-12-12,30.21,66.62,1007.67,6.26,7.52
2022-12-13,27.14,70.97,1003.89,5.81,0.0
2022-12-14,31.67,60.62,1015.07,2.63,0.0
2022-12-15,30.48,66.82,1015.16,8.94,1.57
2022-12-16,30.23,65.7,1014.4,7.9,0.0
2022-12-17,31.26,59.73,1014.04,6.64,1.81
2022-12-18,30.39,57.72,1010.4,6.73,0.0
2022-12-19,29.14,71.28,1015.94,8.47,0.0
2022-12-20,32.47,65.12,1011.77,3.89,0.0
2022-12-21,29.19,61.16,1009.56,5.82,0.0
2022-12-22,30.8,66.79,1010.44,4.73,0.0
2022-12-23,30.69,74.2,1022.1,10.54,0.0
2022-12-24,27.4,53.82,1003.33,8.75,0.0
2022-12-25,31.76,58.59,1014.5,2.59,0.0
2022-12-26,28.73,62.1,1003.6,3.97,0.0
2022-12-27,29.18,76.47,1011.46,6.74,0.0
2022-12-28,28.92,69.47,1009.83,6.06,0.0
2022-12-29,27.51,72.45,1001.57,4.35,0.0
2022-12-30,28.14,61.07,1013.95,10.89,2.54
2022-12-31,32.22,61.27,1010.1,7.63,0.0
2023-01-01,26.85,70.76,1001.5,7.95,0.0
2023-01-02,31.43,68.49,1016.2,5.62,0.0
2023-01-03,29.89,71.5,1019.18,8.44,0.0
2023-01-04,30.98,67.15,1019.45,6.24,0.0
2023-01-05,31.89,70.01,1013.79,6.43,0.11
2023-01-06,27.31,69.36,1012.23,8.22,0.0
2023-01-07,31.71,73.15,1018.64,3.74,0.0
2023-01-08,28.78,73.39,1020.41,10.19,0.0
2023-01-09,31.51,58.9,1017.67,7.36,0.0
2023-01-10,28.82,55.2,1007.29,9.56,0.0
2023-01-11,28.71,74.76,1013.01,4.85,0.0
2023-01-12,29.76,75.95,1014.2,5.15,0.0
2023-01-13,26.4,62.76,1002.95,4.68,0.0
2023-01-14,30.97,57.8,1014.35,7.5,0.0
2023-01-15,31.49,69.61,1023.36,7.13,3.72
2023-01-16,28.48,74.67,1015.2,6.07,0.0
2023-01-17,31.66,79.94,1019.37,4.97,2.91
2023-01-18,29.48,72.32,1012.91,4.47,0.0
2023-01-19,29.5,67.05,1011.63,6.9,0.0
2023-01-20,30.25,63.99,1013.91,6.07,0.0
2023-01-21,28.91,69.48,1007.92,5.63,0.0
2023-01-22,29.1,67.68,1007.18,10.09,0.0
2023-01-23,34.14,63.45,1018.33,6.84,0.0
2023-01-24,29.13,81.9,1018.86,9.54,4.22
2023-01-25,28.49,80.38,1007.04,5.93,0.0
2023-01-26,31.3,76.55,1016.84,7.49,0.0
2023-01-27,30.31,64.27,1011.57,6.89,0.0
2023-01-28,30.89,74.98,1013.7,3.6,8.46
2023-01-29,29.49,73.75,1014.3,9.86,0.0
2023-01-30,30.44,72.63,1016.97,6.73,0.0
2023-01-31,28.56,77.53,1012.41,8.49,0.0
2023-02-01,28.92,73.9,1019.05,5.5,2.07
2023-02-02,29.61,74.59,1013.55,6.67,0.0
2023-02-03,28.58,74.03,1015.12,5.27,0.0
2023-02-04,25.48,72.31,1007.83,9.47,4.44
2023-02-05,31.93,59.62,1022.79,7.62,11.53
2023-02-06,28.53,70.88,1014.35,7.73,0.0
2023-02-07,29.81,67.1,1015.56,9.72,0.0
2023-02-08,28.02,62.81,1003.96,9.31,0.0
2023-02-09,27.01,80.63,1007.89,8.53,0.0
2023-02-10,29.38,80.97,1018.19,4.16,0.0
2023-02-11,29.99,78.8,1013.43,5.61,0.0
2023-02-12,27.54,72.23,1002.43,4.99,0.0
2023-02-13,29.55,78.85,1017.19,8.46,0.0
2023-02-14,26.93,70.87,1009.28,7.34,5.18
2023-02-15,31.35,72.06,1019.06,4.22,0.0
2023-02-16,31.23,64.33,1011.56,6.62,0.0
2023-02-17,31.04,73.32,1013.02,4.01,0.34
2023-02-18,29.81,71.35,1017.89,6.89,0.0
2023-02-19,29.19,63.22,1007.51,3.69,4.58
2023-02-20,26.88,70.77,1007.04,8.06,0.92
2023-02-21,28.28,70.64,1011.02,7.76,0.0
2023-02-22,25.75,81.95,1016.14,10.82,7.02
2023-02-23,26.57,76.57,1005.35,8.7,0.05
2023-02-24,28.32,71.31,1003.66,6.15,0.0
2023-02-25,28.77,72.78,1016.12,8.64,0.0
2023-02-26,29.28,71.59,1008.99,4.2,0.0
2023-02-27,29.26,70.14,1010.04,5.08,0.52
2023-02-28,28.88,64.9,1002.72,7.67,0.0
2023-03-01,29.23,70.53,1008.61,2.68,0.0
2023-03-02,28.8,66.99,1011.96,6.93,4.35
2023-03-03,30.83,64.0,1016.65,4.96,0.79
2023-03-04,26.56,74.6,1008.14,7.2,2.85
2023-03-05,31.93,73.91,1020.29,4.84,0.0
2023-03-06,29.24,60.88,1008.58,7.85,1.74
2023-03-07,28.63,70.89,1008.58,7.04,0.0
2023-03-08,30.71,77.63,1019.69,9.8,0.0
2023-03-09,29.94,78.04,1013.06,7.01,0.92
2023-03-10,26.67,77.86,1009.24,5.46,0.0
2023-03-11,29.69,71.97,1011.22,6.51,1.25
2023-03-12,32.03,66.69,1018.77,4.31,2.73
2023-03-13,30.93,65.28,1019.33,7.81,0.0
2023-03-14,28.07,73.87,1007.92,8.18,0.0
2023-03-15,25.79,74.1,1011.79,11.94,0.0
2023-03-16,30.2,79.57,1012.45,5.76,0.0
2023-03-17,27.47,78.46,1007.07,6.46,5.33
2023-03-18,28.71,71.09,1011.72,5.85,0.0
2023-03-19,28.62,64.43,1012.03,7.42,7.86
2023-03-20,28.78,70.0,1017.7,7.76,0.0
2023-03-21,30.1,73.23,1018.04,6.89,0.0
2023-03-22,27.9,70.72,1010.35,9.17,0.0
2023-03-23,28.41,68.48,1010.93,5.77,0.0
2023-03-24,29.98,73.48,1015.32,8.97,0.0
2023-03-25,29.9,68.94,1009.07,8.08,0.0
2023-03-26,29.83,68.21,1014.94,6.98,4.54
2023-03-27,28.5,73.85,1011.56,6.37,2.51
2023-03-28,27.04,69.58,1007.15,11.85,4.62
2023-03-29,28.41,73.46,1007.22,5.37,0.0
2023-03-30,29.35,73.64,1019.24,7.6,0.0
2023-03-31,29.23,65.16,1011.22,5.5,3.84
2023-04-01,30.05,69.11,1020.2,10.57,0.0
2023-04-02,27.35,80.63,1009.43,8.77,0.0
2023-04-03,30.6,65.03,1013.46,5.64,1.42
2023-04-04,33.28,59.3,1023.96,8.03,0.0
2023-04-05,27.71,60.82,1006.71,7.52,0.0
2023-04-06,28.05,72.16,1002.51,5.97,0.0
2023-04-07,30.17,72.17,1018.43,8.52,0.0
2023-04-08,30.71,71.27,1007.87,7.78,0.0
2023-04-09,27.8,79.25,1011.9,7.43,0.0
2023-04-10,30.83,55.92,1009.07,6.92,0.0
2023-04-11,31.8,74.32,1013.34,7.86,0.0
2023-04-12,27.1,81.3,1007.25,7.46,0.0
2023-04-13,29.72,65.15,1011.1,7.12,0.0
2023-04-14,29.35,69.63,1014.25,5.72,0.0
2023-04-15,28.63,67.37,1006.96,10.39,5.92
2023-04-16,28.49,66.51,1008.5,4.9,0.33
2023-04-17,29.26,69.9,1010.26,7.86,0.0
2023-04-18,26.33,80.4,1004.86,6.36,0.0
2023-04-19,26.26,82.84,1009.89,10.52,0.0
2023-04-20,28.68,69.78,1012.59,5.19,0.0
2023-04-21,28.02,83.2,1010.0,5.53,11.55
2023-04-22,28.96,71.96,1010.64,5.06,2.1
2023-04-23,26.55,82.25,1011.9,7.65,0.0
2023-04-24,30.22,71.14,1008.72,4.25,3.88
2023-04-25,29.67,72.46,1015.46,6.04,0.0
2023-04-26,32.1,73.84,1019.18,2.7,0.0
2023-04-27,27.15,90.69,1009.68,7.48,0.0
2023-04-28,29.92,76.69,1014.43,6.0,0.0
2023-04-29,28.14,67.31,1010.8,4.02,0.0
2023-04-30,29.05,77.34,1013.83,9.17,0.0
2023-05-01,31.47,69.32,1019.83,4.38,4.02
2023-05-02,29.4,68.52,1014.54,8.59,0.0
2023-05-03,26.95,76.87,1003.13,5.6,0.0
2023-05-04,26.7,71.57,1014.27,10.2,5.39
2023-05-05,30.21,73.02,1018.16,8.5,0.0
2023-05-06,28.23,71.39,1010.89,4.98,0.0
2023-05-07,30.33,73.29,1016.98,5.17,0.35
2023-05-08,28.04,73.78,1008.55,8.21,0.0
2023-05-09,30.28,59.57,1004.57,6.48,0.0
2023-05-10,28.25,75.15,1012.71,6.66,0.0
2023-05-11,28.82,65.21,1003.22,9.54,0.0
2023-05-12,31.45,62.41,1010.8,5.5,0.0
2023-05-13,30.3,70.66,1018.43,7.18,0.0
2023-05-14,25.52,71.47,1002.45,8.91,0.0
2023-05-15,25.62,66.76,1005.6,8.62,9.03
2023-05-16,27.77,75.86,1006.84,6.68,1.95
2023-05-17,29.66,62.77,1011.68,6.42,0.0
2023-05-18,31.41,68.34,1010.17,3.52,0.0
2023-05-19,29.9,67.22,1019.0,4.89,13.29
2023-05-20,29.36,70.4,1016.77,7.64,0.0
2023-05-21,30.02,72.3,1014.48,6.72,0.0
2023-05-22,29.53,64.53,1012.73,7.15,0.0
2023-05-23,28.72,74.87,1013.97,9.08,0.0
2023-05-24,30.04,70.84,1007.69,4.63,0.0
2023-05-25,31.95,59.06,1016.29,6.53,0.0
2023-05-26,29.6,58.61,1006.44,7.38,0.0
2023-05-27,30.83,70.23,1016.18,5.59,0.98
2023-05-28,28.38,68.92,1017.93,9.86,0.0
2023-05-29,29.53,69.57,1013.05,8.82,0.78
2023-05-30,29.25,69.96,1011.12,7.58,0.0
2023-05-31,29.01,71.42,1014.0,10.59,5.88
2023-06-01,27.05,75.7,997.69,4.0,0.0
2023-06-02,30.38,63.28,1013.51,6.98,0.0
2023-06-03,30.9,62.86,1011.43,7.73,1.04
2023-06-04,30.41,63.27,1011.75,5.17,0.0
2023-06-05,28.89,71.5,1015.53,7.6,12.23
2023-06-06,28.81,77.18,1011.63,4.79,0.0
2023-06-07,28.61,67.06,1006.3,8.38,0.0
2023-06-08,30.17,54.57,1011.29,9.12,0.0
2023-06-09,32.29,59.29,1012.34,7.54,0.0
2023-06-10,33.29,64.46,1012.57,3.29,0.0
2023-06-11,31.51,66.04,1012.81,5.07,0.0
2023-06-12,32.18,66.87,1017.2,8.13,0.0
2023-06-13,26.76,69.49,1006.57,7.04,0.0
2023-06-14,30.04,67.32,1012.88,1.61,0.0
2023-06-15,29.1,75.42,1018.45,9.49,0.87
2023-06-16,28.1,65.01,1003.33,7.27,0.0
2023-06-17,30.51,63.82,1012.9,5.36,1.34
2023-06-18,26.38,71.8,1009.07,8.99,0.0
2023-06-19,31.81,59.65,1010.15,5.64,0.0
2023-06-20,30.85,71.13,1007.48,5.62,0.0
2023-06-21,30.38,69.34,1011.15,7.72,0.31
2023-06-22,31.75,67.77,1021.21,10.56,0.72
2023-06-23,26.39,78.12,1005.68,10.25,0.0
2023-06-24,27.57,64.79,1006.15,7.72,1.67
2023-06-25,26.52,80.82,1005.49,7.92,0.0
2023-06-26,33.36,67.03,1020.64,8.58,0.0
2023-06-27,30.4,60.66,1009.69,4.49,0.0
2023-06-28,28.63,68.67,1011.87,8.29,1.31
2023-06-29,31.51,61.72,1009.99,5.53,0.0
2023-06-30,30.16,63.6,1007.28,7.64,0.0
2023-07-01,28.41,70.43,1010.82,6.55,0.0
2023-07-02,30.98,71.31,1024.29,8.0,4.65
2023-07-03,30.66,64.17,1018.96,7.24,4.41
2023-07-04,29.84,73.76,1007.74,0.85,0.0
2023-07-05,30.59,74.71,1015.24,7.36,0.0
2023-07-06,26.19,76.32,1007.84,8.28,4.18
2023-07-07,28.11,70.81,1003.12,7.89,1.21
2023-07-08,30.03,75.74,1017.1,6.79,0.0
2023-07-09,33.34,56.21,1017.8,10.28,4.38
2023-07-10,31.27,65.52,1017.23,7.62,0.0
2023-07-11,29.52,62.16,1009.65,7.88,0.0
2023-07-12,29.49,68.01,1011.17,9.09,0.0
2023-07-13,30.35,63.79,1015.75,7.73,1.22
2023-07-14,29.04,66.16,1013.96,5.2,0.0
2023-07-15,28.88,78.38,1010.03,2.12,2.46
2023-07-16,27.88,66.0,1003.9,6.05,2.65
2023-07-17,27.61,69.44,1012.57,8.52,0.0
2023-07-18,31.29,65.49,1017.4,6.29,0.0
2023-07-19,25.93,67.28,1006.01,8.6,0.0
2023-07-20,30.1,66.79,1015.19,7.3,0.0
2023-07-21,29.3,69.38,1013.66,9.58,1.04
2023-07-22,30.09,73.62,1015.75,6.41,0.0
2023-07-23,28.95,76.45,1016.36,7.94,0.0
2023-07-24,28.08,68.36,1008.53,8.01,4.21
2023-07-25,26.04,69.97,1003.92,10.0,0.0
2023-07-26,30.06,59.47,1009.33,3.59,10.21
2023-07-27,31.24,65.78,1016.45,6.08,0.0
2023-07-28,27.24,71.89,1009.29,8.7,0.0
2023-07-29,27.48,71.38,1008.53,10.09,4.38
2023-07-30,27.88,67.39,1002.89,7.48,0.0
2023-07-31,30.58,71.38,1020.76,6.41,6.19
2023-08-01,32.47,68.95,1016.13,8.51,0.0
2023-08-02,29.11,73.15,1015.85,8.74,1.75
2023-08-03,30.35,67.62,1016.84,6.28,3.59
2023-08-04,30.22,63.69,1014.88,7.66,0.0
2023-08-05,27.8,67.79,1010.78,9.36,0.0
2023-08-06,31.51,48.13,1011.18,10.78,0.0
2023-08-07,28.11,67.95,1009.86,8.49,0.0
2023-08-08,34.9,43.71,1025.17,7.09,0.0
2023-08-09,31.32,55.21,1014.78,6.89,0.0
2023-08-10,27.85,68.2,1009.68,8.11,0.0
2023-08-11,28.45,68.31,1014.33,6.77,0.18
2023-08-12,29.15,58.41,1006.95,7.38,0.0
2023-08-13,33.63,61.06,1019.52,4.88,0.0
2023-08-14,27.76,73.51,1008.69,9.59,0.0
2023-08-15,33.11,62.33,1014.51,4.72,0.0
2023-08-16,30.57,78.64,1017.33,6.14,0.0
2023-08-17,30.92,65.13,1013.92,7.2,0.0
2023-08-18,30.61,67.54,1012.47,10.98,0.0
2023-08-19,29.02,74.74,1012.05,6.15,0.0
2023-08-20,30.32,65.78,1011.72,5.67,0.0
2023-08-21,30.43,58.94,1009.12,5.9,0.0
2023-08-22,30.25,64.25,1009.75,10.32,0.0
2023-08-23,33.29,64.65,1019.4,1.38,0.0
2023-08-24,30.84,56.63,1011.46,4.99,0.0
2023-08-25,28.44,63.25,1008.07,12.46,0.0
2023-08-26,28.89,60.29,1009.42,8.18,0.0
2023-08-27,31.77,70.25,1017.5,4.79,0.0
2023-08-28,31.24,64.87,1015.38,6.92,0.0
2023-08-29,30.68,62.93,1014.8,7.13,0.0
2023-08-30,29.97,63.95,1010.71,8.69,0.0
2023-08-31,28.05,65.89,1014.87,10.68,0.0
2023-09-01,28.6,68.22,1008.78,7.78,2.93
2023-09-02,30.38,58.49,1010.7,5.92,0.0
2023-09-03,34.34,58.2,1016.85,8.57,0.0
2023-09-04,30.33,71.05,1016.37,5.6,4.91
2023-09-05,29.31,61.92,1007.09,4.93,0.0
2023-09-06,29.8,55.86,1007.72,3.48,0.0
2023-09-07,32.1,67.0,1012.54,3.87,0.0
2023-09-08,29.51,67.09,1020.63,5.21,23.26
2023-09-09,28.99,55.1,1002.42,4.64,0.0
2023-09-10,30.43,65.63,1013.39,7.63,0.0
2023-09-11,29.41,68.65,1005.12,4.6,0.0
2023-09-12,31.56,66.46,1008.83,0.71,0.0
2023-09-13,29.89,67.98,1010.18,4.91,0.0
2023-09-14,31.11,55.74,1009.9,6.06,0.0
2023-09-15,29.89,66.14,1009.33,5.79,0.0
2023-09-16,29.57,62.32,1012.04,10.04,2.81
2023-09-17,30.67,61.22,1009.32,5.77,0.0
2023-09-18,28.09,69.32,1004.69,8.76,4.25
2023-09-19,29.31,72.96,1015.9,6.96,7.03
2023-09-20,28.79,74.84,1015.76,6.92,1.01
2023-09-21,30.21,71.95,1016.22,5.33,2.48
2023-09-22,29.33,63.39,1004.3,6.88,0.0
2023-09-23,28.54,66.15,1013.49,5.47,3.37
2023-09-24,28.47,68.63,1015.38,7.34,0.0
2023-09-25,29.7,64.75,1006.84,6.53,2.91
2023-09-26,31.77,64.8,1012.05,5.11,3.49
2023-09-27,27.58,68.95,1011.42,8.98,0.35
2023-09-28,32.09,63.65,1021.21,7.85,0.0
2023-09-29,32.65,59.63,1021.62,6.1,0.0
2023-09-30,28.29,61.51,1003.68,7.29,0.0
2023-10-01,32.7,67.8,1024.47,6.83,1.04
2023-10-02,28.34,64.02,1007.42,5.26,0.0
2023-10-03,29.54,66.04,1016.9,7.14,3.03
2023-10-04,30.79,68.03,1016.85,5.76,0.0
2023-10-05,29.72,61.76,1007.02,5.11,0.0
2023-10-06,29.81,68.55,1014.47,3.75,1.24
2023-10-07,30.76,66.29,1011.46,6.28,0.0
2023-10-08,30.92,56.62,1014.77,8.13,0.0
2023-10-09,29.17,72.69,1013.15,5.61,1.63
2023-10-10,30.68,61.04,1017.98,12.04,0.22
2023-10-11,30.8,54.13,1012.38,8.77,0.0
2023-10-12,29.81,57.8,1011.16,9.61,10.2
2023-10-13,30.71,57.96,1017.48,8.59,0.0
2023-10-14,28.31,64.41,1014.9,10.71,0.0
2023-10-15,31.28,62.47,1015.66,5.43,0.0
2023-10-16,30.97,62.11,1008.68,1.88,1.82
2023-10-17,27.55,67.87,1006.77,6.11,0.0
2023-10-18,27.57,66.21,1009.16,8.12,0.0
2023-10-19,28.94,66.09,1008.9,7.3,3.82
2023-10-20,29.79,66.67,1015.93,7.55,0.0
2023-10-21,28.57,67.93,1016.88,9.64,0.0
2023-10-22,32.23,51.61,1011.22,7.76,0.0
2023-10-23,30.88,62.1,1019.15,8.6,0.0
2023-10-24,34.72,51.23,1018.84,5.12,1.56
2023-10-25,31.0,64.55,1013.22,4.81,0.0
2023-10-26,28.61,64.34,1007.89,10.23,0.0
2023-10-27,30.82,70.67,1019.88,7.2,0.0
2023-10-28,26.81,71.55,1011.69,5.75,0.68
2023-10-29,29.31,65.67,1012.63,5.76,0.0
2023-10-30,30.16,61.49,1010.3,5.7,1.63
2023-10-31,29.53,67.43,1007.55,5.58,0.0
2023-11-01,27.79,61.39,1004.66,4.43,0.0
2023-11-02,30.75,64.58,1015.16,4.0,8.22
2023-11-03,26.71,70.55,1008.08,6.61,7.91
2023-11-04,34.17,61.32,1027.3,5.81,2.43
2023-11-05,27.66,69.54,1006.57,9.21,0.0
2023-11-06,28.78,68.81,1005.71,7.59,0.0
2023-11-07,32.23,59.06,1014.55,7.53,0.0
2023-11-08,31.92,70.67,1019.65,5.51,0.0
2023-11-09,30.55,69.06,1012.32,6.76,0.0
2023-11-10,30.05,65.52,1014.86,7.72,0.0
2023-11-11,30.99,60.38,1002.78,8.43,0.0
2023-11-12,28.75,59.85,1008.61,6.81,0.0
2023-11-13,28.11,61.82,1006.63,9.16,0.0
2023-11-14,28.45,68.35,1002.52,7.02,0.0
2023-11-15,31.15,59.41,1012.58,8.59,0.0
2023-11-16,28.0,67.82,1000.79,6.02,0.0
2023-11-17,31.14,57.79,1005.39,3.37,0.0
2023-11-18,27.33,64.07,1009.31,7.54,0.0
2023-11-19,29.59,66.0,1007.84,8.45,6.01
2023-11-20,28.14,80.06,1013.98,8.15,0.0
2023-11-21,32.32,57.18,1013.53,7.84,0.0
2023-11-22,28.07,74.33,1016.47,6.3,0.0
2023-11-23,31.4,66.45,1015.76,5.39,0.0
2023-11-24,30.05,68.08,1017.7,8.1,0.0
2023-11-25,30.11,66.37,1011.99,7.85,0.96
2023-11-26,30.6,68.39,1013.52,5.88,0.0
2023-11-27,30.36,64.86,1014.56,9.22,0.0
2023-11-28,28.48,74.56,1012.71,5.23,0.0
2023-11-29,30.09,63.15,1010.01,5.83,0.0
2023-11-30,27.65,72.75,1010.34,10.27,0.0
2023-12-01,29.49,62.14,1007.91,8.74,0.0
2023-12-02,31.32,65.71,1014.11,6.28,2.89
2023-12-03,30.56,59.7,1011.53,7.57,0.0
2023-12-04,27.48,68.92,1008.68,7.31,0.0
2023-12-05,29.67,74.93,1008.69,1.51,0.99
2023-12-06,31.72,65.85,1005.95,5.19,0.0
2023-12-07,32.77,65.2,1016.89,6.9,0.0
2023-12-08,27.98,59.75,1012.39,6.29,0.0
2023-12-09,29.0,65.13,1007.69,7.49,0.0
2023-12-10,32.19,57.01,1016.04,9.26,0.0
2023-12-11,29.88,61.16,1009.2,6.36,0.0
2023-12-12,28.26,68.06,1004.97,4.88,0.0
2023-12-13,29.55,74.68,1017.11,7.65,0.0
2023-12-14,27.94,83.69,1009.31,6.35,0.0
2023-12-15,28.72,63.38,1009.96,6.69,0.0
2023-12-16,30.17,75.57,1012.21,6.42,0.0
2023-12-17,29.57,68.49,1017.71,11.48,0.0
2023-12-18,29.25,66.19,1012.1,2.52,9.91
2023-12-19,29.49,69.76,1006.0,6.22,0.0
2023-12-20,28.78,67.6,1014.72,6.99,0.0
2023-12-21,29.03,67.96,1009.58,5.44,0.0
2023-12-22,31.05,64.92,1021.44,8.8,0.0
2023-12-23,32.44,59.05,1011.99,8.63,0.0
2023-12-24,27.64,58.24,1000.82,6.9,0.92
2023-12-25,27.65,71.49,1013.79,6.46,0.0
2023-12-26,31.54,65.98,1021.72,6.78,0.0
2023-12-27,32.19,64.13,1019.88,6.79,1.99
2023-12-28,32.54,67.83,1021.15,6.84,0.0
2023-12-29,30.39,72.61,1006.9,6.62,0.0
2023-12-30,31.5,69.0,1016.56,7.5,3.28
2023-12-31,29.13,64.05,1008.39,8.51,0.0
2024-01-01,28.83,75.43,1013.12,4.54,0.0
2024-01-02,29.26,77.61,1005.64,4.9,0.76
2024-01-03,29.2,71.17,1008.78,3.5,0.0
2024-01-04,27.06,74.12,1008.62,8.73,0.0
2024-01-05,28.65,75.8,1016.49,7.5,5.22
2024-01-06,28.07,75.19,1016.0,8.01,0.89
2024-01-07,29.82,72.17,1013.38,4.14,0.0
2024-01-08,26.47,72.14,1005.25,10.57,0.0
2024-01-09,29.96,71.73,1010.44,5.78,0.0
2024-01-10,29.08,62.1,1008.27,7.34,0.0
2024-01-11,28.3,72.96,1016.35,8.71,0.0
2024-01-12,30.8,60.68,1017.89,5.03,0.0
2024-01-13,31.82,64.12,1017.28,5.91,0.0
2024-01-14,27.77,76.78,1008.22,7.36,0.0
2024-01-15,23.78,74.06,998.3,12.71,0.0
2024-01-16,25.9,78.01,1003.17,7.6,0.0
2024-01-17,30.79,67.52,1019.11,10.21,0.0
2024-01-18,30.64,62.31,1009.99,9.41,0.0
2024-01-19,27.71,67.84,1008.25,7.74,1.76
2024-01-20,31.89,69.96,1020.21,5.02,0.0
2024-01-21,31.21,69.89,1018.33,9.12,0.0
2024-01-22,28.76,76.28,1012.12,4.0,0.16
2024-01-23,28.52,67.37,1010.53,10.2,0.0
2024-01-24,28.94,71.72,1011.34,7.4,0.0
2024-01-25,30.61,63.74,1013.14,1.7,0.0
2024-01-26,31.27,72.43,1020.0,6.32,0.0
2024-01-27,29.59,69.81,1014.11,8.31,0.0
2024-01-28,31.48,65.35,1015.63,6.53,0.0
2024-01-29,29.32,68.5,1017.85,8.43,0.0
2024-01-30,28.59,68.87,1006.15,5.3,1.83
2024-01-31,32.57,68.41,1015.77,4.39,0.0
2024-02-01,29.76,80.72,1010.53,6.86,1.83
2024-02-02,27.99,69.56,999.42,7.06,0.0
2024-02-03,26.27,68.75,1001.36,6.3,0.0
2024-02-04,29.56,57.68,1006.91,9.45,0.0
2024-02-05,30.62,64.96,1014.66,5.3,0.0
2024-02-06,29.82,68.8,1012.57,7.63,0.0
2024-02-07,29.2,66.32,1012.92,7.14,0.72
2024-02-08,29.46,78.78,1021.75,3.89,2.3
2024-02-09,28.47,69.55,1005.65,4.36,0.18
2024-02-10,28.95,78.32,1011.86,7.02,1.81
2024-02-11,28.83,71.02,1013.52,10.96,0.0
2024-02-12,28.6,70.92,1008.32,8.16,0.0
2024-02-13,30.63,70.21,1012.14,3.55,0.0
2024-02-14,29.73,70.82,1004.0,0.78,0.0
2024-02-15,29.73,81.16,1019.05,8.47,0.45
2024-02-16,30.03,56.98,1008.59,6.81,0.0
2024-02-17,32.45,58.93,1022.16,9.28,0.0
2024-02-18,31.91,67.73,1011.84,5.24,0.0
2024-02-19,30.38,71.12,1017.14,7.7,0.0
2024-02-20,28.04,75.22,1011.73,8.69,2.84
2024-02-21,29.28,73.96,1011.85,6.11,0.0
2024-02-22,28.96,68.86,1009.08,6.15,0.0
2024-02-23,28.24,77.32,1012.6,7.05,0.0
2024-02-24,28.3,77.43,1013.59,8.09,5.07
2024-02-25,27.47,72.39,1008.08,6.97,3.22
2024-02-26,27.76,77.1,1011.37,8.95,0.0
2024-02-27,27.88,73.0,1008.95,6.08,0.0
2024-02-28,33.06,68.03,1023.5,4.34,0.0
2024-02-29,27.63,75.62,1011.55,10.95,5.1
2024-03-01,31.01,72.13,1019.73,5.79,0.0
2024-03-02,27.35,71.51,1011.02,5.86,0.0
2024-03-03,29.11,80.37,1013.3,6.87,0.0
2024-03-04,29.65,56.86,1005.39,7.13,0.0
2024-03-05,29.0,63.09,1009.76,6.23,0.0
2024-03-06,31.11,64.5,1013.05,6.97,0.0
2024-03-07,29.87,69.48,1019.93,6.92,0.0
2024-03-08,30.61,70.15,1013.11,7.35,0.0
2024-03-09,33.11,62.66,1018.92,2.29,0.0
2024-03-10,27.32,65.82,1015.2,10.76,0.0
2024-03-11,31.9,66.59,1020.14,6.71,0.0
2024-03-12,26.37,86.53,1011.7,8.16,2.91
2024-03-13,30.77,82.61,1023.95,4.24,0.0
2024-03-14,28.51,69.35,1009.57,6.06,0.0
2024-03-15,28.89,69.66,1008.17,5.66,0.0
2024-03-16,27.4,64.97,1005.95,9.94,0.0
2024-03-17,31.62,60.43,1023.66,5.83,0.0
2024-03-18,31.05,71.19,1016.1,8.52,0.0
2024-03-19,29.05,65.92,1010.33,5.7,6.33
2024-03-20,30.17,71.42,1018.25,6.09,0.0
2024-03-21,30.13,62.34,1015.44,6.51,0.0
2024-03-22,31.97,67.38,1021.83,9.57,0.0
2024-03-23,27.16,72.85,1004.26,3.22,0.0
2024-03-24,29.52,74.17,1010.67,4.37,0.0
2024-03-25,28.9,74.48,1009.69,3.11,0.0
2024-03-26,28.07,64.06,1002.13,4.82,0.0
2024-03-27,28.93,77.12,1017.3,5.38,1.72
2024-03-28,29.76,67.19,1010.65,3.77,0.0
2024-03-29,29.98,75.79,1015.7,5.53,0.0
2024-03-30,33.17,71.94,1023.8,2.97,0.0
2024-03-31,29.59,63.74,1010.23,4.96,0.0
2024-04-01,28.2,70.1,1009.89,9.4,0.0
2024-04-02,29.56,74.19,1012.59,7.81,1.66
2024-04-03,28.08,75.67,1016.94,7.37,0.0
2024-04-04,28.39,71.15,1009.17,4.99,8.4
2024-04-05,27.31,81.18,1008.85,3.93,0.0
2024-04-06,29.23,78.03,1017.29,4.72,0.0
2024-04-07,30.09,70.43,1013.89,6.91,0.0
2024-04-08,25.38,76.47,1001.78,8.74,0.0
2024-04-09,24.74,83.56,1005.87,8.8,0.0
2024-04-10,30.42,83.71,1019.51,8.26,0.0
2024-04-11,31.87,64.56,1014.01,5.52,0.0
2024-04-12,27.09,66.36,1008.19,7.05,0.0
2024-04-13,26.66,80.81,1011.15,6.36,0.0
2024-04-14,30.7,65.54,1012.07,6.6,0.0
2024-04-15,29.18,63.94,1015.68,11.07,3.68
2024-04-16,30.56,68.94,1005.21,3.48,0.0
2024-04-17,28.74,74.36,1007.8,6.53,0.0
2024-04-18,28.63,71.2,1013.36,9.42,5.83
2024-04-19,29.38,67.89,1011.5,4.07,0.0
2024-04-20,30.61,67.73,1014.86,5.71,5.82
2024-04-21,27.41,67.48,1005.85,5.94,0.0
2024-04-22,31.38,66.45,1013.79,6.55,3.06
2024-04-23,29.99,85.39,1017.46,3.81,1.21
2024-04-24,28.4,73.46,1014.43,8.19,0.0
2024-04-25,29.19,76.97,1012.7,8.33,0.0
2024-04-26,31.45,68.68,1011.52,8.02,0.0
2024-04-27,28.74,70.47,1007.83,5.26,0.0
2024-04-28,29.87,67.27,1011.64,7.17,3.16
2024-04-29,32.62,55.61,1018.3,5.2,0.0
2024-04-30,30.39,63.22,1011.4,6.33,0.0
2024-05-01,26.7,60.59,1007.55,11.31,1.77
2024-05-02,30.29,57.92,1009.54,7.19,0.0
2024-05-03,31.06,64.21,1013.0,4.62,0.0
2024-05-04,29.61,79.3,1010.13,7.36,0.0
2024-05-05,28.81,71.04,1014.43,4.3,0.0
2024-05-06,29.32,79.01,1014.61,4.6,0.0
2024-05-07,31.42,73.7,1016.44,4.92,4.29
2024-05-08,30.31,75.88,1019.12,6.11,0.0
2024-05-09,30.35,65.74,1016.98,8.87,0.0
2024-05-10,25.71,74.25,1007.33,8.16,10.33
2024-05-11,25.51,75.43,1007.48,8.05,10.57
2024-05-12,28.44,67.55,1011.62,4.8,0.0
2024-05-13,28.1,74.33,1009.74,5.92,0.0
2024-05-14,26.53,74.32,1006.31,7.54,0.0
2024-05-15,29.71,67.58,1009.79,5.74,0.0
2024-05-16,29.0,64.09,1009.63,6.44,0.0
2024-05-17,28.73,63.67,1008.64,7.88,0.0
2024-05-18,28.69,71.25,1010.42,6.3,0.0
2024-05-19,30.24,72.64,1017.89,7.45,0.0
2024-05-20,28.71,65.87,1013.0,10.19,0.24
2024-05-21,30.87,70.73,1024.36,6.66,2.38
2024-05-22,28.58,73.94,1012.85,9.36,0.0
2024-05-23,29.04,74.18,1010.55,8.12,3.37
2024-05-24,29.23,79.72,1012.02,4.07,0.0
2024-05-25,28.77,78.02,1013.28,4.8,0.0
2024-05-26,30.95,64.29,1014.18,5.33,0.0
2024-05-27,28.91,80.35,1022.38,5.29,0.0
2024-05-28,28.78,67.0,1007.77,6.82,0.0
2024-05-29,28.58,76.4,1016.3,8.23,2.97
2024-05-30,27.97,70.48,1013.04,9.51,0.0
2024-05-31,27.02,67.54,1004.14,7.62,0.59
2024-06-01,31.43,59.11,1015.85,6.11,0.0
2024-06-02,32.52,68.86,1018.34,2.84,6.06
2024-06-03,30.66,60.47,1007.71,7.14,0.35
2024-06-04,27.77,75.57,1011.96,7.05,0.45
2024-06-05,25.86,78.81,1003.37,7.37,0.0
2024-06-06,26.57,64.86,1005.71,11.21,4.28
2024-06-07,30.54,71.39,1017.24,9.48,0.0
2024-06-08,29.21,65.17,1009.67,8.57,0.0
2024-06-09,29.37,65.68,1006.46,5.08,0.0
2024-06-10,30.03,74.04,1013.15,5.97,0.0
2024-06-11,28.17,69.09,1009.39,6.81,2.59
2024-06-12,29.56,79.7,1009.65,5.45,0.0
2024-06-13,30.42,66.3,1015.7,8.0,0.0
2024-06-14,26.49,75.12,1006.19,7.71,0.0
2024-06-15,28.87,69.65,1007.47,4.82,0.0
2024-06-16,29.72,73.77,1012.77,9.39,0.0
2024-06-17,30.47,66.25,1016.85,7.2,0.0
2024-06-18,32.66,68.56,1018.19,3.54,2.29
2024-06-19,28.34,68.1,1008.67,6.9,0.0
2024-06-20,29.76,63.71,1016.69,7.56,5.44
2024-06-21,28.38,72.63,1008.08,8.95,0.0
2024-06-22,30.46,72.49,1021.13,6.33,0.0
2024-06-23,28.09,72.08,1006.33,8.66,2.14
2024-06-24,29.76,77.68,1018.64,7.37,4.72
2024-06-25,27.73,77.08,1008.72,4.37,0.0
2024-06-26,32.85,66.07,1022.07,4.17,0.0
2024-06-27,28.85,70.49,1014.96,9.25,0.0
2024-06-28,28.67,64.44,1006.92,9.39,0.0
2024-06-29,30.78,68.25,1009.39,7.65,0.0
2024-06-30,29.76,64.44,1015.91,9.99,0.0
2024-07-01,28.83,77.69,1017.26,9.11,7.9
2024-07-02,28.99,70.09,1011.65,8.37,0.0
2024-07-03,30.44,66.53,1012.22,5.18,0.0
2024-07-04,28.55,74.93,1015.79,10.46,0.0
2024-07-05,30.27,54.68,1012.66,8.07,0.0
2024-07-06,30.29,55.55,1005.53,6.23,0.14
2024-07-07,27.43,72.34,1007.94,5.66,9.18
2024-07-08,28.55,67.86,1013.18,7.51,3.6
2024-07-09,32.62,68.93,1018.08,3.66,2.36
2024-07-10,32.2,59.4,1020.08,8.4,0.0
2024-07-11,30.07,67.15,1015.9,5.09,8.76
2024-07-12,29.78,79.24,1013.44,7.74,0.0
2024-07-13,28.47,72.1,1015.74,5.96,0.0
2024-07-14,30.35,68.11,1008.67,6.47,0.0
2024-07-15,29.49,64.39,1011.23,5.49,0.0
2024-07-16,29.48,64.59,1007.88,6.68,0.0
2024-07-17,28.33,54.11,1005.76,10.78,0.0
2024-07-18,28.3,68.37,1013.67,9.77,0.0
2024-07-19,30.54,71.83,1012.93,7.71,0.0
2024-07-20,33.6,57.24,1015.44,6.95,0.0
2024-07-21,30.23,62.66,1014.73,8.69,0.0
2024-07-22,30.66,59.62,1013.21,9.26,0.0
2024-07-23,31.69,60.71,1014.78,5.34,0.0
2024-07-24,31.56,66.76,1011.79,6.85,0.0
2024-07-25,30.74,53.87,1014.06,3.36,0.0
2024-07-26,28.39,69.99,1008.37,9.25,0.0
2024-07-27,27.87,70.77,1013.85,11.13,0.0
2024-07-28,28.41,64.68,1015.34,7.16,0.0
2024-07-29,31.78,51.24,1008.65,2.75,0.0
2024-07-30,32.19,60.09,1012.26,8.22,0.0
2024-07-31,28.2,73.4,1008.88,5.19,0.0
2024-08-01,32.51,49.28,1009.37,5.67,0.0
2024-08-02,29.79,63.8,1006.38,8.25,0.0
2024-08-03,32.03,58.75,1018.33,7.51,0.0
2024-08-04,30.93,70.6,1017.33,6.02,0.0
2024-08-05,29.68,61.66,1014.69,5.7,0.0
2024-08-06,31.05,68.08,1021.86,7.25,0.0
2024-08-07,30.49,68.99,1011.05,6.18,0.0
2024-08-08,32.29,76.56,1027.16,4.78,3.75
2024-08-09,30.43,64.28,1010.86,6.33,0.0
2024-08-10,29.94,67.7,1013.28,7.68,0.0
2024-08-11,32.92,56.48,1010.01,6.64,0.0
2024-08-12,29.91,72.48,1013.86,4.17,0.0
2024-08-13,32.52,60.72,1016.18,8.98,0.0
2024-08-14,31.96,61.87,1011.43,1.52,0.0
2024-08-15,33.93,65.05,1020.88,6.11,0.0
2024-08-16,30.53,55.76,1013.2,5.76,0.0
2024-08-17,30.26,66.46,1013.35,7.3,0.0
2024-08-18,27.63,70.85,1007.46,8.12,0.0
2024-08-19,29.8,66.75,1014.09,9.25,0.0
2024-08-20,32.66,55.42,1011.33,5.58,0.0
2024-08-21,29.27,64.16,1008.96,8.17,2.49
2024-08-22,29.53,69.32,1008.12,7.39,2.53
2024-08-23,34.64,53.55,1025.36,3.58,0.0
2024-08-24,28.66,58.33,1010.68,10.8,0.0
2024-08-25,28.66,70.0,1004.72,4.12,0.0
2024-08-26,28.84,66.32,1008.51,7.84,0.0
2024-08-27,29.32,67.13,1011.74,7.78,0.0
2024-08-28,28.23,75.78,1014.73,7.55,0.0
2024-08-29,31.84,67.4,1014.77,6.01,0.0
2024-08-30,29.54,68.5,1015.38,8.65,0.0
2024-08-31,29.74,80.78,1008.78,3.88,0.0
2024-09-01,30.68,63.2,1013.7,6.87,0.0
2024-09-02,30.68,59.67,1007.62,5.87,0.0
2024-09-03,30.06,66.99,1008.9,5.65,0.0
2024-09-04,27.38,67.03,1007.41,7.86,3.42
2024-09-05,28.95,61.2,1006.06,9.15,0.0
2024-09-06,34.15,58.14,1017.32,6.31,0.0
2024-09-07,29.03,78.17,1015.44,8.56,0.0
2024-09-08,31.84,66.24,1016.88,7.1,0.0
2024-09-09,31.89,59.86,1012.2,5.21,0.0
2024-09-10,30.78,69.73,1015.88,6.48,0.0
2024-09-11,28.63,63.56,1003.19,6.4,0.0
2024-09-12,32.21,62.67,1016.32,5.61,0.0
2024-09-13,30.11,67.54,1012.89,7.86,3.46
2024-09-14,30.28,56.4,1015.14,7.47,0.0
2024-09-15,31.45,66.25,1013.9,3.82,0.0
2024-09-16,28.13,75.59,1007.06,3.7,2.89
2024-09-17,27.54,66.9,1004.51,7.85,0.0
2024-09-18,31.39,61.83,1008.44,5.37,0.0
2024-09-19,30.1,61.03,1014.82,7.6,1.38
2024-09-20,29.38,61.6,1015.45,8.56,0.0
2024-09-21,30.34,62.52,1005.16,4.46,0.0
2024-09-22,28.72,61.77,1007.09,4.18,0.0
2024-09-23,25.84,69.53,1008.38,10.35,0.0
2024-09-24,31.72,53.62,1010.21,7.7,0.0
2024-09-25,28.43,69.19,1005.19,6.16,0.0
2024-09-26,29.86,61.73,1004.89,5.13,0.0
2024-09-27,28.62,66.27,1007.89,5.98,2.06
2024-09-28,30.35,57.24,1012.43,4.62,0.0
2024-09-29,26.09,71.97,1006.1,8.77,1.32
2024-09-30,29.3,71.47,1011.42,5.45,0.0
2024-10-01,28.75,69.76,1017.29,9.19,0.0
2024-10-02,30.35,54.91,1005.49,6.2,0.0
2024-10-03,29.46,68.98,1010.97,4.91,0.0
2024-10-04,31.42,66.44,1017.12,6.15,0.0
2024-10-05,32.48,54.38,1009.91,1.75,0.0
2024-10-06,30.0,63.88,1009.13,6.76,0.0
2024-10-07,31.77,66.22,1017.82,6.66,0.0
2024-10-08,28.61,67.37,1010.47,8.65,0.0
2024-10-09,32.38,65.11,1017.52,3.23,0.98
2024-10-10,28.5,65.81,1014.14,9.32,15.04
2024-10-11,25.49,72.91,1010.29,8.64,3.3
2024-10-12,29.71,71.44,1014.4,9.5,0.28
2024-10-13,32.74,46.9,1013.6,6.89,0.0
2024-10-14,31.49,62.21,1017.1,9.03,0.0
2024-10-15,29.2,63.15,1009.26,4.06,0.0
2024-10-16,30.73,53.64,1012.21,8.43,0.0
2024-10-17,29.34,64.74,1011.69,5.46,0.0
2024-10-18,31.68,71.68,1015.52,3.7,0.0
2024-10-19,29.01,57.69,1006.87,4.75,0.0
2024-10-20,30.08,66.25,1017.08,7.01,0.0
2024-10-21,32.3,58.76,1014.33,5.35,0.0
2024-10-22,28.32,60.25,1005.42,7.75,0.0
2024-10-23,30.47,73.18,1018.04,3.38,0.0
2024-10-24,35.07,61.08,1023.17,2.75,0.0
2024-10-25,31.06,67.14,1017.01,9.74,0.0
2024-10-26,33.25,53.17,1019.13,8.81,0.0
2024-10-27,30.3,75.6,1012.43,4.9,0.0
2024-10-28,27.61,68.07,1003.69,6.99,0.0
2024-10-29,26.94,63.39,1002.78,9.04,4.87
2024-10-30,28.99,67.98,1013.28,7.84,0.87
2024-10-31,30.54,56.1,1009.04,7.3,0.0
2024-11-01,26.95,71.69,1007.43,9.19,1.38
2024-11-02,30.22,62.69,1011.69,5.54,0.0
2024-11-03,31.07,63.44,1015.08,7.06,4.19
2024-11-04,30.03,61.76,1004.74,6.96,0.0
2024-11-05,30.55,61.26,1009.76,6.45,0.0
2024-11-06,33.24,68.95,1019.55,6.22,0.0
2024-11-07,27.95,66.36,1006.62,7.15,0.0
2024-11-08,27.84,68.78,1016.35,7.07,8.46
2024-11-09,30.56,64.86,1009.58,4.9,2.7
2024-11-10,29.06,68.04,1014.73,8.6,0.0
2024-11-11,31.82,62.49,1017.49,5.05,0.0
2024-11-12,27.6,78.43,1015.71,6.56,0.0
2024-11-13,31.42,55.69,1016.55,6.41,0.0
2024-11-14,26.15,72.71,1006.24,7.72,0.0
2024-11-15,30.82,73.4,1017.57,2.76,1.88
2024-11-16,28.79,60.13,1007.74,8.78,0.0
2024-11-17,29.15,78.67,1013.3,5.65,0.0
2024-11-18,29.69,71.32,1013.29,9.44,4.31
2024-11-19,30.77,71.22,1014.43,6.04,0.0
2024-11-20,28.74,65.61,1013.68,6.9,0.0
2024-11-21,28.07,64.2,1007.78,10.83,6.7
2024-11-22,28.53,64.3,1005.25,6.45,3.75
2024-11-23,29.25,67.95,1016.36,9.48,6.06
2024-11-24,28.97,74.07,1012.93,7.08,1.38
2024-11-25,31.03,66.81,1017.75,7.83,0.29
2024-11-26,29.82,60.31,1011.78,7.14,0.0
2024-11-27,26.91,70.78,1004.97,8.7,2.38
2024-11-28,31.9,71.42,1016.83,5.63,0.0
2024-11-29,28.89,69.88,1010.15,5.03,0.0
2024-11-30,29.09,70.48,1013.71,5.72,0.0
2024-12-01,29.28,64.45,1008.76,7.2,0.0
2024-12-02,31.19,60.56,1020.22,6.56,1.82
2024-12-03,27.39,60.98,1007.62,8.42,0.49
2024-12-04,29.62,56.44,1010.31,9.61,0.0
2024-12-05,31.82,67.74,1012.54,5.05,0.0
2024-12-06,29.11,65.88,1006.54,5.53,0.0
2024-12-07,31.53,63.8,1013.65,4.13,0.0
2024-12-08,30.49,48.77,1020.06,11.06,0.0
2024-12-09,30.48,59.09,1009.55,7.61,0.0
2024-12-10,28.87,73.36,1013.98,7.96,4.31
2024-12-11,27.38,62.71,998.25,4.32,0.0
2024-12-12,29.55,68.93,1011.81,7.0,1.6
2024-12-13,30.36,58.49,1010.43,8.02,0.0
2024-12-14,26.96,75.53,1007.91,6.49,0.0
2024-12-15,30.82,66.1,1017.41,9.15,0.05
2024-12-16,29.13,68.77,1010.37,11.62,0.0
2024-12-17,28.22,81.05,1011.11,5.11,0.0
2024-12-18,27.73,76.26,1010.11,4.96,2.5
2024-12-19,28.2,65.39,1002.42,5.24,0.0
2024-12-20,28.9,63.74,1006.34,10.21,0.0
2024-12-21,29.06,65.41,1016.81,9.08,1.8
2024-12-22,27.69,70.49,1001.45,6.73,0.24
2024-12-23,28.27,66.87,1008.17,7.07,0.0
2024-12-24,29.98,65.2,1010.0,5.37,2.94
2024-12-25,29.52,76.44,1020.72,8.78,0.0
2024-12-26,30.29,67.02,1015.84,6.24,0.0
2024-12-27,29.11,81.57,1009.21,6.48,0.0
2024-12-28,29.32,68.39,1018.52,8.22,0.0
2024-12-29,28.18,78.63,1008.3,6.62,0.0
2024-12-30,32.4,70.13,1017.05,6.53,0.0
2024-12-31,28.17,73.83,1005.21,7.02,0.0
2025-01-01,28.84,63.72,1017.37,8.59,7.54
2025-01-02,27.63,63.02,1009.97,10.29,0.0
2025-01-03,27.11,70.96,1006.86,8.17,0.0
2025-01-04,28.4,74.21,1010.91,8.61,0.0
2025-01-05,30.25,68.59,1013.39,6.6,0.0
2025-01-06,29.14,60.69,1009.53,5.58,0.0
2025-01-07,29.97,60.32,1014.77,8.31,0.0
2025-01-08,28.43,59.99,1009.09,7.34,6.58
2025-01-09,32.18,58.01,1015.1,4.15,0.0
2025-01-10,32.17,69.34,1014.21,6.34,0.0
2025-01-11,27.83,75.5,1011.7,6.83,0.0
2025-01-12,28.41,68.74,1009.79,5.98,0.0
2025-01-13,29.4,55.32,1012.76,9.96,0.0
2025-01-14,30.67,67.81,1014.75,7.96,0.0
2025-01-15,31.13,68.04,1022.31,9.75,0.0
2025-01-16,28.03,81.66,1016.7,7.53,0.0
2025-01-17,31.26,60.41,1016.88,7.16,0.0
2025-01-18,32.23,66.87,1027.44,5.13,7.16
2025-01-19,28.31,79.52,1014.58,7.02,8.41
2025-01-20,32.4,72.05,1014.42,7.03,0.0
2025-01-21,31.2,72.79,1015.52,4.27,0.0
2025-01-22,28.52,70.17,1006.96,5.92,0.0
2025-01-23,28.29,71.52,1009.78,6.35,0.0
2025-01-24,26.8,74.27,1009.47,7.83,0.0
2025-01-25,31.25,64.81,1015.24,7.92,0.0
2025-01-26,29.65,75.0,1011.13,5.84,0.0
2025-01-27,29.88,61.55,1012.69,7.94,0.0
2025-01-28,31.08,71.82,1017.44,6.64,6.52
2025-01-29,31.56,70.99,1016.32,1.26,3.42
2025-01-30,30.76,66.28,1011.19,6.03,0.0
2025-01-31,28.28,69.9,1008.65,9.16,1.24
2025-02-01,31.89,66.36,1017.68,3.64,0.0
2025-02-02,29.97,63.72,1015.87,7.23,0.57
2025-02-03,26.66,68.09,1003.97,10.17,2.05
2025-02-04,30.96,63.64,1010.43,5.48,1.71
2025-02-05,28.84,72.26,1012.83,7.0,0.0
2025-02-06,32.25,63.48,1015.89,4.39,0.0
2025-02-07,27.88,74.7,1016.55,10.25,0.0
2025-02-08,31.28,63.4,1013.42,6.83,0.96
2025-02-09,30.71,67.14,1014.93,7.09,0.0
2025-02-10,27.93,66.85,1012.32,9.71,0.0
2025-02-11,27.07,78.6,1008.63,8.32,0.0
2025-02-12,30.25,72.68,1010.69,5.25,0.0
2025-02-13,28.63,69.48,1012.09,5.71,0.0
2025-02-14,27.6,73.79,1011.83,7.99,0.0
2025-02-15,29.06,58.2,1002.57,5.75,0.0
2025-02-16,32.25,70.63,1010.01,2.77,0.0
2025-02-17,27.08,82.93,1012.28,6.89,2.28
2025-02-18,30.24,71.78,1010.59,4.04,0.0
2025-02-19,28.35,71.44,1010.77,10.23,0.0
2025-02-20,28.49,74.36,1014.44,7.35,2.7
2025-02-21,28.14,76.49,1006.61,5.19,0.0
2025-02-22,28.89,59.18,1003.86,5.6,0.0
2025-02-23,30.82,61.11,1010.26,3.22,0.0
2025-02-24,28.93,72.51,1015.82,4.8,0.0
2025-02-25,31.06,67.0,1020.44,9.03,0.0
2025-02-26,28.85,79.2,1015.91,11.46,0.0
2025-02-27,27.54,69.47,1004.66,8.45,0.0
2025-02-28,31.55,59.79,1010.84,6.82,0.0
2025-03-01,31.29,63.83,1013.28,6.14,0.0
2025-03-02,31.92,54.97,1012.89,5.09,0.0
2025-03-03,27.94,70.1,1014.7,11.12,3.04
2025-03-04,28.0,70.4,1007.41,6.62,0.0
2025-03-05,26.97,69.02,1012.32,11.23,0.0
2025-03-06,27.89,78.07,1014.1,9.79,0.0
2025-03-07,29.04,78.82,1016.13,3.52,13.7
2025-03-08,30.19,70.63,1007.97,5.67,3.72
2025-03-09,31.3,58.87,1010.27,5.66,0.0
2025-03-10,24.96,75.41,998.48,6.84,0.4
2025-03-11,26.74,75.07,1008.89,6.88,0.0
2025-03-12,26.54,73.61,1009.38,12.99,0.0
2025-03-13,28.81,77.67,1006.9,4.85,0.0
2025-03-14,29.56,64.81,1012.83,7.46,3.38
2025-03-15,27.91,83.88,1011.72,8.23,0.0
2025-03-16,27.24,66.09,1000.7,7.0,0.0
2025-03-17,29.57,76.36,1013.08,7.22,0.0
2025-03-18,28.4,61.76,1007.36,4.91,0.0
2025-03-19,31.96,66.31,1014.43,7.21,0.0
2025-03-20,25.31,81.01,1005.59,8.02,0.0
2025-03-21,30.04,70.36,1012.15,7.66,0.0
2025-03-22,27.7,76.98,1010.58,8.14,0.0
2025-03-23,28.46,73.37,1013.52,9.83,0.0
2025-03-24,28.65,71.33,1012.62,8.87,0.0
2025-03-25,28.16,80.15,1010.72,7.14,0.0
2025-03-26,28.8,70.56,1004.32,4.66,0.0
2025-03-27,30.25,61.3,1004.61,5.8,0.0
2025-03-28,30.67,67.17,1009.08,6.56,0.0
2025-03-29,28.5,75.3,1011.96,7.5,4.84
2025-03-30,30.15,74.37,1008.96,6.04,0.83
2025-03-31,31.63,62.6,1015.13,5.13,0.0
2025-04-01,31.16,67.65,1010.6,4.62,0.0
2025-04-02,29.91,68.51,1007.17,3.7,0.0
2025-04-03,28.74,69.81,1010.61,6.53,0.0
2025-04-04,31.44,63.74,1013.13,4.06,0.0
2025-04-05,31.07,68.22,1013.62,5.0,0.0
2025-04-06,31.98,67.62,1021.39,6.21,0.0
2025-04-07,28.97,76.61,1008.66,4.33,1.02
2025-04-08,29.19,76.83,1011.63,7.76,0.0
2025-04-09,29.21,71.09,1014.13,8.48,1.26
2025-04-10,26.83,69.6,1011.88,5.9,0.0
2025-04-11,30.48,72.78,1009.5,6.13,0.0
2025-04-12,27.49,67.03,1004.25,8.07,0.0
2025-04-13,29.05,65.04,1009.45,5.57,0.0
2025-04-14,28.02,66.26,1006.63,5.43,0.0
2025-04-15,26.15,68.08,1003.37,9.39,6.2
2025-04-16,27.45,64.89,1008.02,8.77,6.7
2025-04-17,26.88,72.83,1006.76,8.2,0.0
2025-04-18,28.14,76.21,1014.92,8.85,0.0
2025-04-19,32.66,62.29,1015.01,3.05,0.0
2025-04-20,28.96,71.95,1007.48,9.71,5.24
2025-04-21,29.7,70.45,1010.7,7.78,0.0
2025-04-22,27.5,73.8,1002.71,9.02,0.0
2025-04-23,28.1,71.65,1009.53,7.77,0.0
2025-04-24,30.62,62.98,1013.99,7.1,1.84
2025-04-25,31.64,64.1,1016.12,6.45,0.0
2025-04-26,27.2,71.82,1008.43,7.73,3.73
2025-04-27,29.15,77.79,1017.26,6.38,2.61
2025-04-28,29.44,58.3,1004.42,8.74,1.01
2025-04-29,29.61,73.63,1005.76,3.83,0.0
2025-04-30,29.55,78.66,1015.55,5.92,0.0
2025-05-01,28.45,70.57,1020.36,11.09,4.22
2025-05-02,29.47,74.76,1014.47,5.75,0.0
2025-05-03,28.42,67.2,1011.8,6.52,0.0
2025-05-04,27.51,70.67,1001.02,5.23,0.0
2025-05-05,28.29,61.62,1001.89,7.67,0.0
2025-05-06,30.81,57.24,1012.65,5.53,4.49
2025-05-07,28.56,76.93,1010.21,6.63,0.0
2025-05-08,28.73,65.32,1006.47,8.7,0.0
2025-05-09,30.35,68.46,1012.33,5.6,0.0
2025-05-10,28.78,62.83,1012.58,8.58,0.0
2025-05-11,30.65,62.64,1016.72,8.64,0.0
2025-05-12,28.96,70.02,1012.68,9.11,4.48
2025-05-13,32.69,66.64,1018.14,7.28,0.0
2025-05-14,26.97,73.24,1012.04,13.48,0.0
2025-05-15,28.84,73.64,1011.42,9.11,0.0
2025-05-16,30.97,72.8,1017.32,7.65,0.0
2025-05-17,27.98,72.26,1007.11,5.25,4.04
2025-05-18,32.08,80.24,1026.07,6.81,4.34
2025-05-19,30.94,64.32,1013.88,9.85,0.0
2025-05-20,30.24,70.35,1013.9,10.42,0.0
2025-05-21,28.76,77.42,1014.63,9.96,0.0
2025-05-22,32.45,78.16,1021.39,8.57,0.0
2025-05-23,31.36,61.99,1015.96,4.49,0.0
2025-05-24,29.69,68.59,1003.97,7.97,0.0
2025-05-25,31.31,78.56,1019.02,4.52,1.11
2025-05-26,30.83,73.41,1010.3,4.03,0.0
2025-05-27,28.93,71.47,1012.54,7.48,0.0
2025-05-28,28.45,68.94,1005.6,8.05,2.63
2025-05-29,30.96,67.88,1014.63,8.81,2.37
2025-05-30,26.47,71.86,1008.74,7.99,6.68
2025-05-31,29.17,68.56,1012.5,8.06,0.91
2025-06-01,27.57,69.76,1010.58,5.03,0.0
2025-06-02,31.33,70.42,1021.63,6.79,0.6
2025-06-03,32.15,65.82,1021.91,3.99,0.0
2025-06-04,29.82,73.02,1012.23,2.99,2.12
2025-06-05,29.33,87.25,1012.32,8.48,6.17
2025-06-06,32.48,59.04,1010.13,5.49,0.0
2025-06-07,28.37,71.59,1017.53,8.74,1.63
2025-06-08,29.61,65.02,1010.36,9.22,0.0
2025-06-09,29.52,72.98,1009.89,5.76,2.48
2025-06-10,29.8,69.73,1016.89,8.18,0.76
2025-06-11,28.24,73.96,1009.31,5.68,6.8
2025-06-12,29.94,76.38,1011.81,3.31,0.0
2025-06-13,26.24,70.41,1004.09,7.25,0.0
2025-06-14,28.73,75.99,1015.52,6.06,0.0
2025-06-15,33.79,55.06,1021.7,6.12,0.0
2025-06-16,28.19,78.6,1015.61,10.95,0.0
2025-06-17,31.04,71.25,1019.31,3.95,0.0
2025-06-18,26.85,75.4,1007.77,7.77,0.0
2025-06-19,31.18,61.54,1013.18,5.01,0.0
2025-06-20,29.52,63.81,1007.28,8.82,0.0
2025-06-21,28.99,69.6,1010.86,7.6,0.0
2025-06-22,31.87,68.56,1015.86,7.76,0.0
2025-06-23,29.35,70.29,1012.51,5.11,0.0
2025-06-24,27.9,75.03,1004.94,5.47,0.0
2025-06-25,28.58,57.86,1005.42,8.85,0.0
2025-06-26,26.31,74.23,1005.09,10.54,6.97
2025-06-27,29.13,68.37,1014.46,7.96,0.0
2025-06-28,34.5,67.03,1022.32,5.21,0.0
2025-06-29,30.34,59.35,1018.81,7.68,0.0
2025-06-30,27.57,71.13,1002.52,11.85,0.0
2025-07-01,33.01,53.56,1019.11,7.2,0.0
2025-07-02,29.98,71.86,1016.68,9.92,0.0
2025-07-03,30.81,58.95,1004.27,5.52,0.0
2025-07-04,29.27,68.16,1010.48,6.92,9.41
2025-07-05,29.92,67.05,1017.48,8.24,0.0
2025-07-06,29.86,74.72,1014.75,7.79,0.0
2025-07-07,30.71,66.56,1005.45,5.47,0.0
2025-07-08,29.83,63.4,1015.05,5.38,6.38
2025-07-09,29.32,64.45,1001.31,8.98,0.0
2025-07-10,28.31,75.06,1010.89,9.38,0.0
2025-07-11,29.34,70.58,1017.69,10.02,0.0
2025-07-12,27.93,64.98,1012.09,10.61,2.33
2025-07-13,29.1,65.8,1009.51,7.27,0.0
2025-07-14,30.01,57.75,1016.45,6.38,0.95
2025-07-15,29.41,69.42,1016.87,9.7,0.0
2025-07-16,31.84,56.46,1018.55,8.43,0.0
2025-07-17,29.7,71.47,1016.37,5.04,0.0
2025-07-18,32.24,67.66,1017.41,4.93,0.0
2025-07-19,28.41,81.14,1015.66,7.98,0.0
2025-07-20,30.38,60.16,1013.33,6.65,0.0
2025-07-21,29.69,66.08,1012.45,6.95,0.07
2025-07-22,27.84,77.42,1010.81,9.15,2.02
2025-07-23,27.31,73.71,1005.94,8.52,0.0
2025-07-24,27.86,62.32,1007.22,9.66,0.0
2025-07-25,30.6,67.78,1010.59,3.14,0.0
2025-07-26,29.95,66.38,1013.21,7.51,0.0
2025-07-27,29.74,68.0,1019.2,8.39,0.0
2025-07-28,30.91,62.05,1011.79,3.95,0.0
2025-07-29,32.01,65.65,1017.02,5.69,0.0
2025-07-30,32.16,56.54,1017.4,5.32,11.24
2025-07-31,29.18,66.87,1010.84,7.04,1.43
2025-08-01,29.95,68.7,1014.97,10.26,0.65
2025-08-02,27.71,64.58,1010.78,11.05,0.0
2025-08-03,32.06,56.2,1018.61,5.37,0.0
2025-08-04,29.38,71.76,1015.18,8.05,0.0
2025-08-05,29.36,67.96,1006.05,8.12,2.02
2025-08-06,30.6,61.36,1012.81,7.78,0.0
2025-08-07,31.18,63.97,1020.24,7.8,2.93
2025-08-08,32.22,56.6,1011.09,7.61,0.0
2025-08-09,29.97,59.39,1014.24,10.38,0.0
2025-08-10,32.59,62.27,1014.73,9.2,0.0
2025-08-11,27.27,72.81,1006.82,4.88,7.76
2025-08-12,29.56,61.55,1014.55,8.59,0.0
2025-08-13,27.34,69.18,1005.03,8.78,0.0
2025-08-14,29.28,62.05,1008.87,7.63,0.0
2025-08-15,29.03,66.72,1017.38,9.26,5.45
2025-08-16,33.01,64.34,1013.78,7.38,0.0
2025-08-17,29.27,70.38,1010.48,7.4,0.0
2025-08-18,31.3,61.88,1014.23,7.24,0.0
2025-08-19,31.77,55.61,1011.7,2.96,0.0
2025-08-20,30.52,56.7,1012.06,6.84,0.0
2025-08-21,32.55,61.76,1015.28,5.66,0.0
2025-08-22,29.14,57.41,1008.36,4.63,0.0
2025-08-23,27.86,67.33,1012.2,9.87,0.0
2025-08-24,29.07,62.03,1010.44,8.01,4.57
2025-08-25,27.98,79.03,1004.07,6.94,0.0
2025-08-26,29.69,54.31,1007.4,5.87,5.62
2025-08-27,31.9,65.92,1019.84,7.59,0.0
2025-08-28,30.79,57.89,1013.92,8.98,0.0
2025-08-29,30.74,61.66,1005.38,5.35,0.0
2025-08-30,26.71,65.44,1004.3,6.99,0.0
2025-08-31,31.89,50.6,1011.44,8.74,0.0
2025-09-01,32.53,65.94,1019.81,3.13,0.0
2025-09-02,29.38,75.9,1011.07,6.88,0.99
2025-09-03,31.29,61.73,1018.53,6.14,0.0
2025-09-04,30.41,65.98,1013.76,6.73,0.0
2025-09-05,30.07,70.54,1014.36,6.0,0.0
2025-09-06,27.69,63.38,1005.32,7.28,0.0
2025-09-07,28.91,60.85,1016.69,10.85,3.02
2025-09-08,30.94,50.65,1010.33,6.35,0.58
2025-09-09,30.58,68.13,1016.32,7.58,0.0
2025-09-10,27.44,63.58,1007.93,10.99,0.0
2025-09-11,31.03,58.16,1012.89,5.9,0.0
2025-09-12,27.53,64.97,1013.76,10.63,0.0
2025-09-13,30.01,60.69,1011.23,7.01,0.0
2025-09-14,30.99,61.0,1014.02,10.56,0.0
2025-09-15,29.7,67.79,1010.67,8.5,0.0
2025-09-16,30.14,56.1,1008.75,7.61,0.0
2025-09-17,30.82,70.4,1020.03,6.87,6.17
2025-09-18,31.83,55.71,1017.24,5.75,0.0
2025-09-19,31.37,60.11,1008.2,7.15,0.0
2025-09-20,30.96,75.61,1014.84,8.79,0.0
2025-09-21,28.7,70.82,1008.29,6.97,0.0
2025-09-22,31.55,64.63,1006.08,6.37,0.0
2025-09-23,31.43,58.39,1017.17,6.5,0.0
2025-09-24,26.86,60.85,1003.48,8.98,0.0
2025-09-25,29.69,64.46,1016.63,9.45,0.36
2025-09-26,30.01,64.24,1010.74,5.67,0.0
2025-09-27,32.68,63.46,1010.94,5.66,0.0
2025-09-28,30.14,63.82,1014.05,7.76,0.0
2025-09-29,29.24,62.72,1014.91,10.06,0.0
2025-09-30,28.44,55.35,1007.87,9.29,3.09
2025-10-01,33.16,60.9,1015.59,4.5,0.0
2025-10-02,30.77,69.49,1012.57,6.47,0.0
2025-10-03,29.8,55.79,1005.72,5.14,0.0
2025-10-04,28.38,62.87,1011.15,6.46,0.0
2025-10-05,30.24,59.09,1018.91,10.21,0.0
2025-10-06,34.37,64.68,1020.38,4.15,0.66
2025-10-07,32.62,61.69,1015.59,3.76,2.05
2025-10-08,27.98,72.89,1006.05,5.34,3.36
2025-10-09,32.04,67.08,1014.45,7.57,0.0
2025-10-10,33.65,56.18,1016.25,8.24,0.0
2025-10-11,30.19,68.09,1015.63,7.87,0.0
2025-10-12,30.9,59.42,1015.92,9.35,0.0
2025-10-13,31.37,60.62,1013.82,3.47,0.0
2025-10-14,27.66,65.98,1011.64,9.38,12.32
2025-10-15,28.52,61.17,1008.96,6.38,0.0
2025-10-16,25.51,69.49,1002.51,8.46,0.0
2025-10-17,30.09,59.5,1013.7,4.35,0.0
2025-10-18,31.87,60.46,1012.93,7.01,0.0
2025-10-19,29.53,60.25,1014.79,7.47,0.0
2025-10-20,30.37,60.82,1005.31,9.31,0.0
2025-10-21,29.7,70.83,1015.23,3.83,5.07
2025-10-22,33.23,68.03,1022.27,7.06,4.21
2025-10-23,29.04,74.54,1012.39,4.83,1.85
2025-10-24,26.57,77.92,1011.69,8.01,0.0
2025-10-25,32.05,58.15,1013.55,8.55,0.0
2025-10-26,32.98,64.79,1022.16,9.57,0.0
2025-10-27,29.23,57.34,1006.88,5.93,0.0
2025-10-28,30.04,59.76,1013.02,8.85,0.0
2025-10-29,28.01,60.68,1008.0,9.72,0.0
2025-10-30,31.06,58.15,1009.26,3.71,0.0
2025-10-31,30.56,58.21,1011.75,8.22,0.0
2025-11-01,30.43,63.69,1018.74,8.92,3.63
2025-11-02,30.87,57.29,1021.0,6.48,3.97
2025-11-03,30.07,69.68,1014.24,4.58,0.0
2025-11-04,30.5,59.16,1010.12,8.89,0.0
2025-11-05,31.17,81.56,1024.46,4.6,0.83
2025-11-06,29.7,62.04,1009.86,6.64,0.0
2025-11-07,28.48,65.22,1009.14,6.92,0.0
2025-11-08,28.03,57.06,1003.13,8.43,0.0
2025-11-09,31.92,75.11,1018.98,5.75,2.05
2025-11-10,28.59,71.63,1016.84,5.63,9.61
2025-11-11,33.16,66.74,1024.09,7.2,0.0
2025-11-12,28.96,56.92,1005.05,9.01,0.0
2025-11-13,30.34,66.31,1019.29,11.57,1.07
2025-11-14,30.79,58.37,1012.35,3.99,2.33
2025-11-15,29.3,73.92,1016.03,7.63,0.31
2025-11-16,27.37,70.05,1003.76,4.83,8.51
2025-11-17,30.2,65.81,1019.34,9.04,2.65
2025-11-18,33.48,50.67,1015.93,5.12,0.0
2025-11-19,31.5,59.44,1011.81,5.65,0.0
2025-11-20,32.71,69.52,1015.23,5.82,0.0
2025-11-21,28.59,72.72,1008.17,6.85,0.0
2025-11-22,26.45,72.15,1009.1,7.65,0.0
2025-11-23,31.5,56.0,1009.68,7.97,0.0
2025-11-24,27.51,67.42,1002.74,6.99,0.0
2025-11-25,32.93,71.76,1016.31,4.34,0.0
2025-11-26,33.52,55.77,1017.96,8.46,0.0
2025-11-27,28.23,65.73,1008.49,6.89,4.73
2025-11-28,30.2,67.48,1013.74,9.32,0.0
2025-11-29,29.66,64.09,1010.67,5.58,0.0
2025-11-30,32.52,54.84,1013.64,3.8,0.0
2025-12-01,29.79,64.06,1008.86,6.93,3.72
2025-12-02,29.56,64.11,1007.58,9.59,0.0
2025-12-03,31.97,65.24,1017.26,7.32,0.0
2025-12-04,30.42,62.81,1011.68,6.6,0.0
2025-12-05,35.07,63.6,1022.11,5.26,3.38
2025-12-06,28.61,66.08,1012.23,10.52,0.0
2025-12-07,27.51,69.03,1007.37,4.94,0.0
2025-12-08,30.4,64.62,1018.13,5.55,0.29
2025-12-09,32.0,64.05,1015.15,8.14,0.0
2025-12-10,31.55,67.12,1015.63,3.29,0.0
2025-12-11,31.98,55.11,1017.95,9.55,0.0
2025-12-12,27.49,69.56,1008.74,8.25,3.96
2025-12-13,28.73,66.76,1011.36,8.8,0.0
2025-12-14,28.5,67.07,1011.14,8.12,0.0
2025-12-15,27.95,72.66,1005.55,6.68,3.12
2025-12-16,31.19,55.25,1010.68,4.87,2.32
2025-12-17,33.2,55.19,1018.68,6.72,0.0
2025-12-18,30.74,68.74,1013.19,5.05,0.0
2025-12-19,27.61,67.12,1005.27,7.97,0.0
2025-12-20,26.03,68.25,1004.22,8.61,0.0
2025-12-21,29.31,64.53,1020.32,9.95,2.44
2025-12-22,32.0,71.35,1011.55,7.74,0.0
2025-12-23,28.74,73.03,1008.76,8.85,5.88
2025-12-24,30.6,70.41,1010.63,6.41,0.0
2025-12-25,27.89,66.01,1004.61,6.04,0.0
2025-12-26,32.55,54.99,1019.12,7.95,0.0
2025-12-27,28.13,72.32,1010.03,6.23,0.0
2025-12-28,28.87,75.11,1018.84,7.54,0.0
2025-12-29,28.99,71.71,1012.26,4.88,3.06
2025-12-30,33.42,62.64,1019.15,5.24,2.99
2025-12-31,29.96,72.03,1013.28,8.27,0.0
